movie_id,movie_title,domestic_total_gross,foreign_total_gross,opening_weekend,opening_weekend_limited,opening_weekend_wide,release_date,close_date,in_release_days,runtime_mins,rating,genre,distributor,director,producer,production_budget,widest_release_theaters,actors,writers,cinematographers,composers
starwars7,Star Wars: The Force Awakens,936662225,1131561399,247966675,,,2015-12-18,2016-06-17,168,136,PG-13,Sci-Fi Fantasy,Buena Vista,J.J. Abrams,"J.J. Abrams,Bryan Burk,Kathleen Kennedy",$245 million,"4,134","John Boyega,Daisy Ridley,Adam Driver,Oscar Isaac,Andy Serkis,Domhnall Gleeson,Max von Sydow,Harrison Ford,Carrie Fisher,Mark Hamill,Anthony Daniels,Peter Mayhew,Kenny Baker,Warwick Davis,Lupita Nyong'o","J.J. Abrams,Michael Arndt,Lawrence Kasdan",,John Williams
jurassicpark4,Jurassic World,652270625,1018130012,208806270,,,2015-06-12,2016-11-17,,124,PG-13,Action / Adventure,Universal,Colin Trevorrow,"Patrick Crowley,Jon Jashni, ,(executive),Frank Marshall,Steven Spielberg, ,(executive),Thomas Tull, ,(executive)",$150 million,"4,291","Nick Robinson,Omar Sy,Chris Pratt,Bryce Dallas Howard,Jake Johnson,Vincent D'Onofrio,Irrfan Khan,Judy Greer","Derek Connolly,Rick Jaffa,Amanda Silver,Colin Trevorrow",,Michael Giacchino
avengers2,Avengers: Age of Ultron,459005868,946397826,191271109,,,2015-05-01,2016-10-17,161,141,PG-13,Action / Adventure,Buena Vista,Joss Whedon,"Victoria Alonso, ,(executive),Louis D'Esposito, ,(executive),Jon Favreau, ,(executive),Kevin Feige,Alan Fine, ,(executive),Jeremy Latcham ,(executive),Stan Lee, ,(executive)",$250 million,"4,276","Robert Downey, Jr.,Chris Hemsworth,Mark Ruffalo,Chris Evans,Scarlett Johansson,Jeremy Renner,Don Cheadle,Aaron Johnson,Elizabeth Olsen,Paul Bettany,Cobie Smulders,Anthony Mackie,Hayley Atwell,Idris Elba,Stellan Skarsgard,James Spader ,(Voice),Samuel L. Jackson,Josh Brolin, ,(Voice),Andy Serkis*, ,(Cameo)",Joss Whedon,,"Danny Elfman,Brian Tyler"
pixar2014,Inside Out,356461711,501149463,90440272,,,2015-06-19,2016-12-17,175,94,PG,Animation,Buena Vista,Pete Docter,"John Lasseter, ,(executive),Jonas Rivera",$175 million,"4,158","Amy Poehler ,(Voice),Bill Hader ,(Voice),Mindy Kaling, ,(Voice),Phyllis Smith ,(Voice),Lewis Black ,(Voice),Diane Lane, ,(Voice),Kyle MacLachlan ,(Voice)","Josh Cooley,Pete Docter,Meg LaFauve",,Michael Giacchino
fast7,Furious 7,353007020,1163038891,147187040,,,2015-04-03,2016-07-17,,137,PG-13,Action,Universal,James Wan,"Vin Diesel,Neal H. Moritz,Thomas Tull, ,(executive)",$190 million,"4,022","Tony Jaa,Vin Diesel,Paul Walker,Dwayne Johnson,Michelle Rodriguez,Jordana Brewster,Tyrese Gibson,Chris 'Ludacris' Bridges,Lucas Black,Jason Statham,Djimon Hounsou,Kurt Russell",Chris Morgan,,Brian Tyler
americansniper,American Sniper,350126372,197300000,,633456,89269066,2014-12-25,2016-06-17,183,132,R,Drama,Warner Bros.,Clint Eastwood,"Bradley Cooper,Clint Eastwood,Jason Dean Hall, ,(executive),Andrew Lazar,Robert Lorenz,Tim Moore, ,(executive)",$58.8 million,"3,885","Bradley Cooper,Kyle Gallner,Sienna Miller",Jason Dean Hall,,
minions,Minions,336045770,823352627,115718405,,,2015-07-10,2016-12-17,161,91,PG,Animation,Universal,Pierre Coffin,"Janet Healy,Christopher Meledandri,Chris Renaud, ,(executive)",$74 million,"4,311","Sandra Bullock, ,(Voice),Jon Hamm, ,(Voice),Michael Keaton, ,(Voice),Allison Janney ,(Voice),Steve Coogan, ,(Voice)",Brian Lynch,,Heitor Pereira
hungergames4,The Hunger Games: Mockingjay - Part 2,281723902,371704359,102665981,,,2015-11-20,2016-02-17,98,137,PG-13,Action / Adventure,Lionsgate,Francis Lawrence,,$160 million,"4,175","Jennifer Lawrence,Josh Hutcherson,Liam Hemsworth,Woody Harrelson,Donald Sutherland,Philip Seymour Hoffman,Julianne Moore,Sam Claflin,Elizabeth Banks,Jena Malone,Jeffrey Wright,Stanley Tucci","Peter Craig,Danny Strong",,James Newton Howard
scott2016,The Martian,228433663,401728227,54308575,,,2015-10-02,2016-03-17,168,141,PG-13,Sci-Fi,Fox,Ridley Scott,"Mark Huffam,Simon Kinberg,Michael Schaefer,Ridley Scott,Aditya Sood",$108 million,"3,854","Sean Bean,Jessica Chastain,Matt Damon,Jeff Daniels,Chiwetel Ejiofor,Donald Glover,Kate Mara,Michael Pena,Sebastian Stan,Kristen Wiig",Drew Goddard,Dariusz Wolski,Harry Gregson-Williams
cinderella2015,Cinderella (2015),201151353,342363000,67877361,,,2015-03-13,2016-09-17,189,112,PG,Fantasy,Buena Vista,Kenneth Branagh,Simon Kinberg,$95 million,"3,848","Lily James,Richard Madden,Cate Blanchett,Helena Bonham Carter,Stellan Skarsgard,Hayley Atwell",Chris Weitz,,
bond24,Spectre,200074609,680600000,70403148,,,2015-11-06,2016-04-17,154,148,PG-13,Action,Sony / Columbia,Sam Mendes,"Barbara Broccoli,Michael G. Wilson",$245 million,"3,929","Daniel Craig,Christoph Waltz,Ralph Fiennes,Dave Bautista,Monica Bellucci,Lea Seydoux,Ben Whishaw,Naomie Harris",John Logan,,Thomas Newman
mi5,Mission: Impossible - Rogue Nation,195042377,487287762,55520089,,,2015-07-31,2016-10-17,91,130,PG-13,Action,Paramount,Christopher McQuarrie,"J.J. Abrams,Bryan Burk,Tom Cruise,David Ellison",$150 million,"3,988","Rebecca Ferguson,Tom Cruise,Jeremy Renner,Simon Pegg,Alec Baldwin,Ving Rhames,Rebecca Ferguson",Christopher McQuarrie,,
pitchperfect2,Pitch Perfect 2,184296230,103209964,69216890,,,2015-05-15,2016-07-17,,115,PG-13,Comedy,Universal,Elizabeth Banks,"Elizabeth Banks,Max Handelman,Jason Moore, ,(executive)",$29 million,"3,660","Anna Kendrick,Skylar Astin,Rebel Wilson,Adam DeVine,Anna Camp,Brittany Snow,Hailee Steinfeld,Katey Sagal,Elizabeth Banks,Keegan-Michael Key",Kay Cannon,,Mark Mothersbaugh
antman,Ant-Man,180202163,339109802,57225526,,,2015-07-17,2016-12-17,154,117,PG-13,Action / Adventure,Buena Vista,Peyton Reed,Kevin Feige,$130 million,"3,868","Chris Evans*,Judy Greer,Anthony Mackie*,Paul Rudd,Michael Douglas,Evangeline Lilly,Corey Stoll,John Slattery,Bobby Cannavale,Michael Pena,T.I.","Joe Cornish,Adam McKay,Paul Rudd,Edgar Wright",,Christophe Beck
happysmekday,Home (2015),177397510,208644097,52107731,,,2015-03-27,2016-09-17,168,94,PG,Animation,Fox,Tim Johnson,Mireille Soria,$135 million,"3,801","Jim Parsons ,(Voice),Rihanna, ,(Voice),Steve Martin, ,(Voice),Jennifer Lopez, ,(Voice)","Tom J. Astle,Matt Ember",,Lorne Balfe
hoteltransylvania2,Hotel Transylvania 2,169700110,303526848,48464322,,,2015-09-25,2016-03-17,161,89,PG,Animation,Sony / Columbia,Genndy Tartakovsky,"Allen Covert,Michelle Murdocca,Adam Sandler,Robert Smigel",$80 million,"3,768","Adam Sandler, ,(Voice),Andy Samberg, ,(Voice),Selena Gomez, ,(Voice),Kevin James, ,(Voice),Steve Buscemi ,(Voice),David Spade, ,(Voice),Keegan-Michael Key ,(Voice),Fran Drescher ,(Voice),Molly Shannon ,(Voice),Megan Mullally ,(Voice),Nick Offerman ,(Voice),Rob Riggle, ,(Voice),Mel Brooks ,(Voice),Chris Kattan* ,(Voice),Jon Lovitz* ,(Voice),Robert Smigel*, ,(Voice),Nick Swardson*, ,(Voice),Dana Carvey*, ,(Voice)","Adam Sandler,Robert Smigel",,Mark Mothersbaugh
fiftyshadesofgrey,Fifty Shades of Grey,166167230,404838898,85171450,,,2015-02-13,2016-05-17,84,125,R,Romance,Universal,Sam Taylor-Johnson,"Dana Brunetti,Michael De Luca,E.L. James,Peter Schlessel, ,(executive)",$40 million,"3,655","Dakota Johnson,Jamie Dornan,Jennifer Ehle,Marcia Gay Harden",Kelly Marcel,,Danny Elfman
spongebob2,The SpongeBob Movie: Sponge Out of Water,162994032,160442506,55365012,,,2015-02-06,2016-05-17,112,93,PG,Animation,Paramount,,"Mary Parent,Paul Tibbitt",$74 million,"3,680",Antonio Banderas,"Jonathan Aibel,Glenn Berger,Paul Tibbitt",,John Debney
straightouttacompton,Straight Outta Compton,161197785,40437206,60200180,,,2015-08-14,2016-10-17,,147,R,Drama,Universal,F. Gary Gray,"Matt Alvarez,Ice Cube,Will Packer, ,(executive)",$28 million,"3,142","Corey Hawkins,Aldis Hodge,Jason Mitchell,Keith Stanfield",,,
sanandreas,San Andreas,155190832,318800000,54588173,,,2015-05-29,2016-10-17,140,114,PG-13,Action,Warner Bros. (New Line),Brad Peyton,"Beau Flynn,Tripp Vinson, ,(executive)",$110 million,"3,812","Alexandra Daddario,Paul Giamatti,Ioan Gruffudd,Carla Gugino,Dwayne Johnson",Carlton Cuse,,Andrew Lockington
furyroad,Mad Max: Fury Road,153636354,224800000,45428128,,,2015-05-15,2016-09-17,133,120,R,Sci-Fi Action,Warner Bros.,George Miller,George Miller,$150 million,"3,722","Riley Keough,Tom Hardy,Charlize Theron,Nicholas Hoult,Rosie Huntington-Whiteley","Nick Lathouris,Brendan McCarthy,George Miller",,Junkie XL
daddyshome,Daddy's Home,150357137,90003255,38740203,,,2015-12-25,2016-04-17,105,96,PG-13,Comedy,Paramount,Sean Anders,"Sean Anders, ,(Executive),Riza Aziz, ,(Executive),Jessica Elbaum ,(Executive),Will Ferrell,Chris Henchy,David Koplan ,(Executive),Joey McFarland, ,(Executive),Adam McKay,Kevin J. Messick ,(Executive),John Morris,Diana Pokorny ,(Executive)",N/A,"3,483","Linda Cardellini,Thomas Haden Church,Will Ferrell,Mark Wahlberg",,,
insurgent,The Divergent Series: Insurgent,130179072,167097257,52263680,,,2015-03-20,2016-07-17,112,119,PG-13,Action / Adventure,Lionsgate/Summit,Robert Schwentke,"Neil Burger, ,(executive),Lucy Fisher,David Hoberman, ,(executive),Douglas Wick",$110 million,"3,875","Shailene Woodley,Theo James,Kate Winslet,Octavia Spencer,Jai Courtney,Ray Stevenson,Miles Teller,Ansel Elgort,Maggie Q,Mekhi Phifer,Naomi Watts","Mark Bomback,Brian Duffield,Akiva Goldsman",,
peanuts2015,The Peanuts Movie,130178411,116054702,44213073,,,2015-11-06,2016-03-17,147,93,G,Animation,Fox,,,$99 million,"3,902",,,,Christophe Beck
secretservice,Kingsman: The Secret Service,128261724,286089822,36206331,,,2015-02-13,2016-07-17,147,129,R,Action / Adventure,Fox,Matthew Vaughn,Matthew Vaughn,$81 million,"3,282","Sofia Boutella,Colin Firth,Samuel L. Jackson,Michael Caine,Taron Egerton,Mark Strong,Sophie Cookson,Mark Hamill","Jane Goldman,Matthew Vaughn",,Henry Jackman
pixar2013,The Good Dinosaur,123087120,209120551,39155217,,,2015-11-25,2016-04-17,135,100,PG,Animation,Buena Vista,Peter Sohn,,N/A,"3,749","Jack Bright ,(Voice),Frances McDormand, ,(Voice),Raymond Ochoa ,(Voice),Anna Paquin, ,(Voice),Jeffrey Wright, ,(Voice),Steve Zahn ,(Voice)",,,"Jeff Danna,Mychael Danna"
susancooper,Spy,110825712,124840507,29085719,,,2015-06-05,2016-10-17,126,120,R,Comedy,Fox,Paul Feig,"Peter Chernin,Paul Feig",$65 million,"3,715","Morena Baccarin,Melissa McCarthy,Jason Statham,Jude Law,Rose Byrne,Allison Janney,Bobby Cannavale,50 Cent",Paul Feig,,Theodore Shapiro
trainwreck15,Trainwreck,110212700,30583093,30097040,,,2015-07-17,2016-10-17,,125,R,Comedy,Universal,Judd Apatow,"Judd Apatow,Barry Mendel",$35 million,"3,171","John Cena,Brie Larson,Method Man,Ezra Miller,Daniel Radcliffe, ,(Cameo),Marisa Tomei,Amy Schumer,Bill Hader,Tilda Swinton",Amy Schumer,,Jon Brion
creed,Creed,109767581,63800000,29632823,,,2015-11-25,2016-03-17,100,133,PG-13,Drama,Warner Bros. (New Line),Ryan Coogler,,$35 million,"3,502","Michael B. Jordan,Sylvester Stallone,Tessa Thompson",Ryan Coogler,,
1952,Tomorrowland,93436322,115718000,33028165,,,2015-05-22,2016-09-17,119,130,PG,Sci-Fi,Buena Vista,Brad Bird,"Brad Bird,Jeffrey Chernov,Damon Lindelof",$190 million,"3,972","Britt Robertson,George Clooney,Hugh Laurie,Keegan-Michael Key,Kathryn Hahn*,Judy Greer*","Brad Bird,Damon Lindelof",,Michael Giacchino
gethard,Get Hard,90411453,21400000,33803253,,,2015-03-27,2016-07-17,105,100,R,Comedy,Warner Bros.,Etan Cohen,"Will Ferrell,Chris Henchy, ,(executive),Adam McKay",$40 million,"3,212","Will Ferrell,Kevin Hart,Craig T. Nelson,Alison Brie,T.I.","Etan Cohen,Jay Martel,Ian Roberts",,Christophe Beck
terminator2015,Terminator: Genisys,89760956,350842581,27018486,,,2015-07-01,2016-09-17,79,126,PG-13,Action,Paramount,Alan Taylor,"David Ellison,Megan Ellison, ,(executive),Dana Goldberg,Laeta Kalogridis, ,(executive),Patrick Lussier, ,(executive),Paul Schwake, ,(executive)",$155 million,"3,783","Arnold Schwarzenegger,Jason Clarke,Emilia Clarke,Jai Courtney,J.K. Simmons","Laeta Kalogridis,Patrick Lussier",,
taken3,Taken 3,89256424,237222717,39201657,,,2015-01-09,2016-05-17,126,109,PG-13,Action,Fox,Olivier Megaton,Luc Besson,$48 million,"3,594","Liam Neeson,Maggie Grace,Famke Janssen,Forest Whitaker,Dougray Scott","Luc Besson,Robert Mark Kamen",,
nest,Sisters,87044645,17966408,13922855,,,2015-12-18,2016-03-17,84,118,R,Comedy,Universal,Jason Moore,"Tina Fey,Amy Poehler ,(executive),Jay Roach",$30 million,"2,978","Tina Fey,Amy Poehler,Maya Rudolph,John Leguizamo,Dianne Wiest,John Cena,James Brolin",,,Christophe Beck
alvin4,Alvin and the Chipmunks: The Road Chip,85886987,148911649,14287159,,,2015-12-18,2016-05-17,154,86,PG,Family Comedy,Fox,,,N/A,"3,705","Christina Applegate, ,(Voice),Kaley Cuoco, ,(Voice),Anna Faris, ,(Voice),Jason Lee,Justin Long, ,(Voice),Bella Thorne",,,
mazerunner2,Maze Runner: The Scorch Trials,81697192,230627911,30316510,,,2015-09-18,2016-01-17,126,131,PG-13,Action / Adventure,Fox,Wes Ball,"Marty Bowen,Wyck Godfrey,Ellen Goldsmith-Vein,Lee Stollman",$61 million,"3,792","Patricia Clarkson,Giancarlo Esposito,Aidan Gillen,Ki Hong Lee,Barry Pepper,Lili Taylor,Dylan O'Brien,Kaya Scodelario,Thomas Brodie-Sangster",T.S. Nowlin,,John Paesano
ted2,Ted 2,81476385,135215348,33507870,,,2015-06-26,2016-08-17,,115,R,Comedy,Universal,Seth MacFarlane,"Jason Clark,John Jacobs,Seth MacFarlane,Scott Stuber",$68 million,"3,448","Mark Wahlberg,Seth MacFarlane, ,(Voice),Amanda Seyfried,Morgan Freeman,Giovanni Ribisi,Patrick Warburton,John Slattery,John Carroll Lynch,Liam Neeson,Dennis Haysbert,Patrick Stewart*, ,(Voice)","Seth MacFarlane,Alec Sulkin,Wellesley Wild",,Walter Murphy
goosebumps,Goosebumps,80080379,70090436,23618556,,,2015-10-16,2016-02-17,126,103,PG,Horror Comedy,Sony / Columbia,Rob Letterman,,$58 million,"3,618",Jack Black,,,Danny Elfman
pixels,Pixels,78747585,166127224,24011616,,,2015-07-24,2016-11-17,108,105,PG-13,Action Comedy,Sony / Columbia,Chris Columbus,"Chris Columbus,Allen Covert,Jack Giarraputo, ,(executive),Seth Gordon, ,(executive),Tim Herlihy, ,(executive),Heather Parry, ,(executive),Adam Sandler",$88 million,"3,723","Adam Sandler,Kevin James,Josh Gad,Michelle Monaghan,Peter Dinklage,Brian Cox","Timothy Dowling,Tim Herlihy",Amir Mokri,Henry Jackman
paddington,Paddington,76271832,191775976,18966676,,,2015-01-16,2016-06-17,,95,PG,Family,Weinstein / Dimension,Paul King,David Heyman,$55 million,"3,355","Hugh Bonneville,Sally Hawkins,Nicole Kidman,Ben Whishaw, ,(Voice),Jim Broadbent,Julie Walters",Paul King,,Nick Urata
intern,The Intern,75764672,118800000,17728313,,,2015-09-25,2016-01-17,105,121,PG-13,Comedy,Warner Bros.,Nancy Meyers,,$35 million,"3,320","Robert DeNiro,Anne Hathaway,Rene Russo",Nancy Meyers,,
coldwar2015,Bridge of Spies,72313754,93164594,15371203,,,2015-10-16,2016-03-17,147,140,PG-13,Thriller,Buena Vista,Steven Spielberg,"Daniel Lupi, ,(executive),Marc Platt,Steven Spielberg",$40 million,"2,873","Jesse Plemons,Mark Rylance,Tom Hanks,Amy Ryan,Alan Alda","Ethan Coen,Joel Coen",,Thomas Newman
paulblart2,Paul Blart: Mall Cop 2,71038190,36550035,23762435,,,2015-04-17,2016-08-17,108,94,PG,Comedy,Sony / Columbia,Andy Fickman,"Todd Garner,Kevin James,Adam Sandler",$30 million,"3,633","Kevin James,Neal McDonough","Nick Bakay,Kevin James",,Rupert Gregson-Williams
bigshort,The Big Short,70259870,63086636,,705527,10531026,2015-12-11,2016-04-17,119,130,R,Drama,Paramount,Adam McKay,"Dede Gardner,Jeremy Kleiner,Brad Pitt",$28 million,"2,529","Selena Gomez*, ,(Cameo),Margot Robbie*, ,(Cameo),Christian Bale,Steve Carell,Ryan Gosling,Brad Pitt,Melissa Leo,Marisa Tomei","Adam McKay,Charles Randolph",,
warroom2015,War Room,67790117,n/a,11351389,,,2015-08-28,2016-12-17,108,120,PG,Drama,TriStar,Alex Kendrick,,$3 million,"1,945",,,,
magicmike2,Magic Mike XXL,66013057,56500000,12857184,,,2015-07-01,2016-09-17,86,115,R,Comedy / Drama,Warner Bros.,Gregory Jacobs,"Reid Carolin,Gregory Jacobs,Steven Soderbergh, ,(executive),Channing Tatum,Nick Wechsler",$14.8 million,"3,376","Amber Heard,Channing Tatum,Matt Bomer,Joe Manganiello,Jada Pinkett-Smith",Reid Carolin,,
blumhouse2015,The Visit,65206105,33243957,25427560,,,2015-09-11,2016-11-17,,94,PG-13,Horror,Universal,M. Night Shyamalan,"Jason Blum,Steven Schneider, ,(executive),M. Night Shyamalan",$5 million,"3,148",,M. Night Shyamalan,,
kevinhart15,The Wedding Ringer,64460211,15339669,20649306,,,2015-01-16,2016-04-17,80,101,R,Comedy,Sony / Screen Gems,Jeremy Garelick,"Jeremy Garelick, ,(executive),Will Packer",$23 million,"3,003","Kevin Hart,Josh Gad,Kaley Cuoco,Olivia Thirlby","Jeremy Garelick,Jay Lavender",,Christopher Lennertz
whiteybulger15,Black Mass,62575678,37200000,22635037,,,2015-09-18,2016-12-17,77,122,R,Crime Drama,Warner Bros.,Scott Cooper,,$53 million,"3,188","Jesse Plemons,Johnny Depp,Benedict Cumberbatch,Dakota Johnson,Juno Temple,Joel Edgerton,Kevin Bacon,Sienna Miller,Adam Scott","Mark Mallouk,Mark Mallouk,Jez Butterworth",,Junkie XL
newline15,Vacation,58884188,46000000,14681108,,,2015-07-29,2016-10-17,93,99,R,Comedy,Warner Bros. (New Line),,"Chris Bender,David Dobkin",$31 million,"3,430","Ed Helms,Leslie Mann,Christina Applegate,Chris Hemsworth,Chevy Chase,Beverly D'Angelo,Charlie Day,Ron Livingston,Norman Reedus,Keegan-Michael Key,Regina Hall","John Francis Daley,Jonathan M. Goldstein",,Mark Mothersbaugh
perfectguy,The Perfect Guy,57027435,3245738,25888154,,,2015-09-11,2016-12-17,84,100,PG-13,Thriller,Sony / Screen Gems,,,$12 million,"2,230","Sanaa Lathan,Michael Ealy,Morris Chestnut",,,
joy,Joy,56451232,44682827,17015168,,,2015-12-25,2016-03-17,84,124,PG-13,Comedy / Drama,Fox,David O. Russell,,$60 million,"2,924","Bradley Cooper,Robert DeNiro,Jennifer Lawrence,Virginia Madsen,Edgar Ramirez,Elisabeth Rohm,Isabella Rossellini",David O. Russell,,Danny Elfman
fantasticfour15,Fantastic Four,56117548,111860048,25685737,,,2015-08-07,2016-10-17,77,100,PG-13,Action / Adventure,Fox,Josh Trank,"Avi Arad, ,(executive),Simon Kinberg,Stan Lee, ,(executive),Matthew Vaughn",$120 million,"4,004","Miles Teller,Michael B. Jordan,Jamie Bell,Kate Mara",Simon Kinberg,,Marco Beltrami
thehatefuleight,The Hateful Eight,54117416,101642701,,4610676,15706645,2015-12-25,2016-04-17,126,167,R,Western,Weinstein Company,Quentin Tarantino,"Stacey Sher,Bob Weinstein,Harvey Weinstein",$44 million,"2,938","Zoe Bell,Demian Bichir,Bruce Dern,Walton Goggins,Samuel L. Jackson,Jennifer Jason Leigh,Michael Madsen,Tim Roth,Kurt Russell,Channing Tatum",Quentin Tarantino,Robert Richardson,Ennio Morricone
focus2015,Focus (2015),53862963,105200000,18685137,,,2015-02-27,2016-05-17,70,104,R,Comedy,Warner Bros.,,Denise Di Novi,$50.1 million,"3,323","Will Smith,Margot Robbie,Rodrigo Santoro","Glenn Ficarra,John Requa",,Nick Urata
southpaw2015,Southpaw,52421953,39548874,16701294,,,2015-07-24,2016-11-17,105,123,R,Drama,Weinstein Company,Antoine Fuqua,"Todd Black,Jason Blumenthal,Antoine Fuqua,Alan Riche,Peter Riche,Kurt Sutter ,(executive),Steve Tisch",$30 million,"2,772","Jake Gyllenhaal,Forest Whitaker,Rachel McAdams,50 Cent,Naomie Harris","Kurt Sutter,Richard Wenk",,James Horner
insidiouschapter3,Insidious Chapter 3,52218558,60765331,22692741,,,2015-06-05,2016-08-17,70,97,PG-13,Horror,Focus Features,Leigh Whannell,"Jason Blum,Oren Peli,Peter Schlessel, ,(executive),Steven Schneider, ,(executive),James Wan",$10 million,"3,014",Dermot Mulroney,Leigh Whannell,,Joseph Bishara
selma,Selma,52076908,14711000,,571450,11307394,2014-12-25,2016-04-17,113,127,PG-13,Drama,Paramount,Ava DuVernay,"Ava DuVernay, ,(executive),Dede Gardner,Jeremy Kleiner,Brad Pitt, ,(executive),Oprah Winfrey",$20 million,"2,235","Keith Stanfield,Tessa Thompson,David Oyelowo,Tom Wilkinson,Carmen Ejogo,Tim Roth,Giovanni Ribisi,Oprah Winfrey,Common,Stephen Root*,Alessandro Nivola*,Dylan Baker*,Cuba Gooding, Jr.*,Martin Sheen*",Paul Webb,,
poltergeist2015,Poltergeist (2015),47425125,48012869,22620386,,,2015-05-22,2016-08-17,77,93,PG-13,Horror,Fox,Gil Kenan,"Roy Lee,Sam Raimi",$35 million,"3,242","Sam Rockwell,Rosemarie DeWitt,Jared Harris",David Lindsay-Abaire,,Marc Streitenfeld
jupiterascending,Jupiter Ascending,47387723,136600000,18372372,,,2015-02-06,2016-05-17,91,127,PG-13,Sci-Fi,Warner Bros.,Lilly & Lana Wachowski,Lilly & Lana Wachowski,$176 million,"3,181","Channing Tatum,Mila Kunis,Eddie Redmayne,Sean Bean,Gugu Mbatha-Raw",Lilly & Lana Wachowski,,Michael Giacchino
sicario,Sicario,46889293,37983151,,401288,12148041,2015-09-18,2016-01-17,119,121,R,Action Drama,Lionsgate,Denis Villeneuve,"Basil Iwanyk,Thad Luckinbill,Trent Luckinbill,Edward McDonnell,Molly Smith",$30 million,"2,620","Daniel Kaluuya,Emily Blunt,Benicio Del Toro,Josh Brolin,Jon Bernthal",,Roger Deakins,
uncle,The Man From U.N.C.L.E.,45445109,64400000,13421036,,,2015-08-14,2016-10-17,70,116,PG-13,Action,Warner Bros.,Guy Ritchie,"John Davis,David Dobkin, ,(executive)",$75 million,"3,673","Elizabeth Debicki,Henry Cavill,Armie Hammer,Alicia Vikander,Hugh Grant,Jared Harris",Guy Ritchie,,Daniel Pemberton
spotlight,Spotlight,45055776,43290697,,295009,4408252,2015-11-06,2016-05-17,182,128,R,Drama,Open Road Films,Tom McCarthy,,N/A,"1,227","Mark Ruffalo,Michael Keaton,Rachel McAdams,Liev Schreiber,Stanley Tucci,John Slattery","Tom McCarthy,Josh Singer",,Howard Shore
mcfarland,"McFarland, USA",44482410,1227649,11020798,,,2015-02-20,2016-07-17,140,128,PG,Sports Drama,Buena Vista,Niki Caro,,N/A,"2,792","Maria Bello,Kevin Costner",,,
blumhousejuly2015,The Gift (2015),43787265,15191388,11854273,,,2015-08-07,2016-10-17,63,108,R,Thriller,STX Entertainment,Joel Edgerton,Jason Blum,$5 million,"2,503","Jason Bateman,Rebecca Hall,Joel Edgerton",Joel Edgerton,,
everest2015,Everest (2015),43482270,159945314,,7222035,13242895,2015-09-18,2016-11-17,,121,PG-13,Thriller,Universal,Baltasar Kormakur,"Tim Bevan,Eric Fellner",$55 million,"3,009","Josh Brolin,Jason Clarke,Elizabeth Debicki,Jake Gyllenhaal,John Hawkes,Martin Henderson,Keira Knightley,Robin Wright Penn,Emily Watson",Simon Beaufoy,,Dario Marianelli
xmas2015,The Night Before,43047372,9348624,9880536,,,2015-11-20,2016-01-17,56,101,R,Comedy,Sony / Columbia,Jonathan Levine,"Evan Goldberg,Seth Rogen",$25 million,"2,960","Seth Rogen,Joseph Gordon-Levitt,Anthony Mackie","Evan Goldberg,Jonathan Levine",,
krampus,Krampus,42725475,18823232,16293325,,,2015-12-04,2016-01-17,49,98,PG-13,Horror Comedy,Universal,Michael Dougherty,"Jon Jashni,Thomas Tull",$15 million,"2,919","Toni Collette,David Koechner,Adam Scott",Michael Dougherty,,
max2015,Max (2015),42656255,1311000,12155254,,,2015-06-26,2016-10-17,112,111,PG,Family,Warner Bros.,Boaz Yakin,,$20 million,"2,870","Lauren Graham,Thomas Haden Church,Jay Hernandez",,,
ageofadaline,The Age of Adaline,42629776,23033500,13203458,,,2015-04-24,2016-07-17,77,112,PG-13,Drama,Lionsgate,Lee Toland Krieger,"Sidney Kimmel,Gary Lucchesi,Tom Rosenberg",N/A,"3,070","Blake Lively,Harrison Ford,Michiel Huisman,Ellen Burstyn,Amanda Crew,Kathy Baker","J. Mills Goodloe,Salvador Paskowitz",,Rob Simonsen
brooklyn,Brooklyn,38322743,23753398,,187281,3946667,2015-11-04,2016-05-17,205,111,PG-13,Drama,Fox Searchlight,John Crowley,,N/A,962,"Saoirse Ronan,Domhnall Gleeson,Emory Cohen,Jim Broadbent,Julie Walters",Nick Hornby,,Michael Brook
thelongestride,The Longest Ride,37446117,25498698,13019686,,,2015-04-10,2016-07-17,91,139,PG-13,Romance,Fox,"George Tillman, Jr.","Marty Bowen,Wyck Godfrey",$34 million,"3,371","Britt Robertson,Scott Eastwood,Jack Huston,Melissa Benoist,Alan Alda",Craig Bolotin,,Mark Isham
boynextdoor,The Boy Next Door,35423380,17002475,14910105,,,2015-01-23,2016-03-17,49,91,R,Thriller,Universal,Rob Cohen,"Jason Blum,Jennifer Lopez",$4 million,"2,615","Jennifer Lopez,Ryan Guzman,John Corbett,Kristin Chenoweth",Barbara Curry,,"Nathan Barr,Randy Edelman"
pan,Pan,35088320,93300000,15315435,,,2015-10-09,2016-01-17,91,111,PG,Fantasy,Warner Bros.,Joe Wright,Greg Berlanti,$150 million,"3,515","Hugh Jackman,Garrett Hedlund,Amanda Seyfried,Rooney Mara",,,
witherspoonvergara,Hot Pursuit,34580201,17100000,13942258,,,2015-05-08,2016-07-17,84,87,PG-13,Comedy,Warner Bros. (New Line),Anne Fletcher,"Bruna Papandrea,Sofia Vergara ,(executive),Reese Witherspoon",$35 million,"3,037","Sofia Vergara,Reese Witherspoon","David Feeney,John Quaintance",,Christophe Beck
concussion2015,Concussion (2015),34542474,14081098,10513749,,,2015-12-25,2016-03-17,84,123,PG-13,Drama,Sony / Columbia,Peter Landesman,Ridley Scott,$35 million,"2,841","Will Smith,Alec Baldwin,Gugu Mbatha-Raw,Luke Wilson",Peter Landesman,,James Newton Howard
duff,The DUFF,34030343,9498291,10809149,,,2015-02-20,2016-05-17,84,101,PG-13,Comedy,Lionsgate,Ari Sandel,McG,$8.5 million,"2,622",Bella Thorne,Josh A. Cagan,,
womaningold,Woman in Gold,33307793,28311980,,2091551,5483125,2015-04-01,2016-08-17,135,109,PG-13,Drama,Weinstein Company,,,$11 million,"2,011","Helen Mirren,Ryan Reynolds,Daniel Bruhl,Katie Holmes,Max Irons",,,Hans Zimmer
bestexotic2,The Second Best Exotic Marigold Hotel,33078266,52900000,8540370,,,2015-03-06,2016-06-17,112,122,PG,Comedy / Drama,Fox Searchlight,John Madden,,$10 million,"2,022","Judi Dench,Maggie Smith,Bill Nighy,Richard Gere,David Strathairn,Dev Patel",,,Thomas Newman
cybernatural,Unfriended,32482090,31574553,15845115,,,2015-04-17,2016-05-17,42,83,R,Horror,Universal,Levan Gabriadze,"Timur Bekmambetov,Jason Blum, ,(executive),Nelson Greaves","$1,000,000","2,775",,Nelson Greaves,,
entourage,Entourage,32363404,16900000,10283250,,,2015-06-03,2016-08-17,72,104,R,Comedy,Warner Bros.,Doug Ellin,"Doug Ellin,Stephen Levinson,Mark Wahlberg",$30 million,"3,108","Judy Greer,Terrence Jenkins,Adrien Grenier,Kevin Connolly,Jerry Ferrara,Kevin Dillon,Jeremy Piven,Billy Bob Thornton,Haley Joel Osment",Doug Ellin,,
papertowns,Paper Towns,32000304,53511996,12650140,,,2015-07-24,2016-10-17,84,109,PG-13,Drama,Fox,Jake Schreier,"Marty Bowen,Wyck Godfrey,Scott Neustadter, ,(executive),Michael H. Weber, ,(executive)",$12 million,"3,031","Nat Wolff,Cara Delevigne","Scott Neustadter,Michael H. Weber",,
chappie,Chappie,31569268,70500000,13346782,,,2015-03-06,2016-05-17,59,120,R,Sci-Fi Action,Sony / Columbia,Neill Blomkamp,,$49 million,"3,201","Dev Patel,Sharlto Copley, ,(Voice),Sigourney Weaver,Hugh Jackman",Neill Blomkamp,,Hans Zimmer
crimsonpeak,Crimson Peak,31090320,43589502,13143310,,,2015-10-16,2016-11-17,42,119,R,Horror,Universal,Guillermo del Toro,"Guillermo del Toro,Jon Jashni",$55 million,"2,991","Charlie Hunnam,Mia Wasikowska,Jessica Chastain,Tom Hiddleston","Guillermo del Toro,Matthew Robbins",,
walkinthewoods,A Walk in the Woods,29504281,7956993,8246267,,,2015-09-02,2016-12-17,110,104,R,Comedy,Broad Green Pictures,,,N/A,"2,158","Nick Nolte,Robert Redford,Emma Thompson",Bill Holderman,,
pointbreak2015,Point Break (2015),28782481,104936230,9800252,,,2015-12-25,2016-02-17,63,113,PG-13,Action,Warner Bros.,,,$105 million,"2,910","Luke Bracey,Delroy Lindo,Teresa Palmer,Edgar Ramirez,Ray Winstone",,,Junkie XL
sinister2,Sinister 2,27740955,25141063,10542116,,,2015-08-21,2016-10-17,70,97,R,Horror,Focus Features,,Jason Blum,$10 million,"2,799",,,,
lastwitchhunter,The Last Witch Hunter,27367660,119569250,10812861,,,2015-10-23,2016-12-17,70,106,PG-13,Action Fantasy,Lionsgate/Summit,Breck Eisner,,$90 million,"3,082","Vin Diesel,Elijah Wood,Michael Caine",,,
coup,No Escape,27288872,27130000,8111264,,,2015-08-26,2016-11-17,93,101,R,Action,Weinstein Company,John Erick Dowdle,Drew Dowdle,N/A,"3,415","Owen Wilson,Pierce Brosnan,Lake Bell","Drew Dowdle,John Erick Dowdle",,
rickiandtheflash,Ricki and the Flash,26822144,14503184,6610961,,,2015-08-07,2016-10-17,66,101,PG-13,Comedy / Drama,TriStar,Jonathan Demme,"Mason Novick,Marc Platt",$18 million,"2,064","Meryl Streep,Kevin Kline,Sebastian Stan",Diablo Cody,,
womaninblack2,The Woman in Black 2: Angel of Death,26501323,22352982,15027415,,,2015-01-02,2016-03-17,77,98,PG-13,Horror,Relativity,,"Ryan Kavanaugh, ,(executive),Tucker Tooley, ,(executive)",N/A,"2,602",Jeremy Irvine,,,
runallnight,Run All Night,26461644,45200000,11012305,,,2015-03-13,2016-05-17,56,114,R,Action,Warner Bros.,Jaume Collet-Serra,"Roy Lee,Michael Tadross",$50 million,"3,171","Common,Liam Neeson,Joel Kinnaman,Ed Harris,Vincent D'Onofrio,Boyd Holbrook,Genesis Rodriguez",Brad Ingelsby,,Junkie XL
lovethecoopers,Love the Coopers,26302731,16124181,8317545,,,2015-11-13,2016-01-17,63,107,PG-13,Comedy,Lionsgate,Jessie Nelson,,$17 million,"2,603","Alan Arkin,John Goodman,Ed Helms,Diane Keaton,Anthony Mackie,Amanda Seyfried,June Squibb,Marisa Tomei,Olivia Wilde",,,
lazarus,The Lazarus Effect,25801047,12557740,10203437,,,2015-02-27,2016-06-17,,83,PG-13,Horror,Relativity,David Gelb,Jason Blum,$3.3 million,"2,666","Olivia Wilde,Mark Duplass,Evan Peters,Donald Glover",,,
exmachina,Ex Machina,25442958,11426456,,237264,5349500,2015-04-10,2016-09-17,147,110,R,Sci-Fi Thriller,A24,Alex Garland,"Scott Rudin, ,(executive)",$15 million,"2,004","Domhnall Gleeson,Oscar Isaac,Alicia Vikander",Alex Garland,,
heartofthesea,In the Heart of the Sea,25020758,68900000,11053366,,,2015-12-11,2016-02-17,63,121,PG-13,Drama,Warner Bros.,Ron Howard,,$100 million,"3,103","Tom Holland,Chris Hemsworth,Benjamin Walker,Cillian Murphy,Ben Whishaw,Brendan Gleeson",Charles Leavitt,,
newlinehorror2015,The Gallows,22764410,20200000,9808463,,,2015-07-10,2016-09-17,70,81,R,Horror,Warner Bros. (New Line),,Jason Blum,"$100,000","2,720",,,,
hitman47,Hitman: Agent 47,22467450,59880206,8326530,,,2015-08-21,2016-10-17,56,96,R,Action / Adventure,Fox,,,$35 million,"3,273","Rupert Friend,Ciaran Hinds,Zachary Quinto",,,
almanac,Project Almanac,22348241,10865000,8310252,,,2015-01-30,2016-03-17,56,106,PG-13,Sci-Fi,Paramount,Dean Israelite,"Josh Appelbaum, ,(executive),Michael Bay,Andrew Form,Brad Fuller,Andre Nemec, ,(executive)",$12 million,"2,900",,"Jason Pagan,Andrew Stark",,
blackorwhite,Black or White,21571189,n/a,6213362,,,2015-01-30,2016-05-17,105,121,PG-13,Drama,Relativity,Mike Binder,"Mike Binder,Kevin Costner",$9 million,"1,823","Kevin Costner,Octavia Spencer,Gillian Jacobs,Jennifer Ehle,Anthony Mackie",Mike Binder,,Terence Blanchard
crowe2014,Aloha,21067116,5182904,9670235,,,2015-05-29,2016-07-17,63,105,PG-13,Comedy / Drama,Sony / Columbia,Cameron Crowe,"Cameron Crowe,Scott Rudin",$37 million,"2,815","Bradley Cooper,Emma Stone,Rachel McAdams,Bill Murray,Jay Baruchel,John Krasinski,Alec Baldwin,Danny McBride",Cameron Crowe,,
secretintheireyes2015,The Secret in their Eyes (2015),20180155,14674835,6652996,,,2015-11-20,2016-01-17,56,111,PG-13,Thriller,STX Entertainment,Billy Ray,,$19.5 million,"2,392","Dean Norris,Chiwetel Ejiofor,Nicole Kidman,Julia Roberts",Billy Ray,,
shaunthesheep,Shaun the Sheep Movie,19375982,86833396,4038962,,,2015-08-05,2016-10-17,79,85,PG,Animation,Lionsgate,,,N/A,"2,360",,,,
stillalice,Still Alice,18754371,25130281,,197000,2166000,2015-01-16,2016-05-17,,101,PG-13,Drama,Sony Classics,,,$5 million,"1,318","Julianne Moore,Alec Baldwin,Kristen Stewart,Kate Bosworth","Richard Glatzer,Wash Westmoreland",,Ilan Eshkeri
paranormalactivity2014,Paranormal Activity: The Ghost Dimension,18300124,59799429,8070493,,,2015-10-23,2016-11-17,33,95,R,Horror,Paramount,,"Jason Blum,Oren Peli",$10 million,"1,656",,,,
jobs2015,Steve Jobs,17766658,16675215,,521522,7105735,2015-10-09,2016-12-17,63,122,R,Drama,Universal,Danny Boyle,Scott Rudin,$30 million,"2,493","Michael Fassbender,Kate Winslet,Seth Rogen,Jeff Daniels",Aaron Sorkin,,Daniel Pemberton
mr.holmes,Mr. Holmes,17737646,11617557,,2434908,2752132,2015-07-17,2016-11-17,112,103,PG,Crime Drama,Roadside Attractions,Bill Condon,,N/A,898,"Laura Linney,Ian McKellen",,,Carter Burwell
dope,Dope,17506470,480311,6100010,,,2015-06-19,2016-09-17,91,115,R,Comedy / Drama,Open Road Films,,,$7 million,"2,002","Tony Revolori,Keith Stanfield",,,Germaine Franco
seventhson,Seventh Son,17223265,96955348,7217640,,,2015-02-06,2016-03-17,42,102,PG-13,Fantasy,Universal,Sergei Bodrov,"Basil Iwanyk,Jon Jashni, ,(executive),Thomas Tull",$95 million,"2,875","Jeff Bridges,Julianne Moore,Ben Barnes,Kit Harington,Alicia Vikander,Djimon Hounsou,Olivia Williams","Steven Knight,Charles Leavitt",,Marco Beltrami
monkeykingdom,Monkey Kingdom,16432322,711000,4577861,,,2015-04-17,2016-07-17,98,81,G,Documentary,Buena Vista,,,N/A,"2,012",,,,
transporter4,The Transporter Refueled,16029670,56600000,7355622,,,2015-09-04,2016-11-17,77,96,PG-13,Action,EuropaCorp,Camille Delamarre,,N/A,"3,434",Ed Skrein,,,
itfollows,It Follows,14674076,n/a,,160089,3811052,2015-03-13,2016-06-17,105,97,R,Horror,Radius-TWC,,,N/A,"1,655",Maika Monroe,,,
americanultra,American Ultra,14440985,12698539,5454284,,,2015-08-21,2016-10-17,49,96,R,Action Comedy,Lionsgate,Nima Nourizadeh,,$28 million,"2,778","Jesse Eisenberg,Kristen Stewart,Topher Grace,Bill Pullman,Walton Goggins,John Leguizamo,Connie Britton",Max Landis,,
woodlawn,Woodlawn,14394097,n/a,4002226,,,2015-10-16,2016-02-17,119,123,PG,Drama,Pure Flix,,,N/A,"1,553","Sean Astin,C. Thomas Howell,Jon Voight",,,
adamjones,Burnt,13651946,22954797,5002521,,,2015-10-30,2016-02-17,105,100,R,Comedy,Weinstein Company,John Wells,"Michael Shamberg,Stacey Sher",$20 million,"3,003","Omar Sy,Bradley Cooper,Sienna Miller,Alicia Vikander,Jamie Dornan,Lily James,Emma Thompson,Daniel Bruhl",Steven Knight,,
doyoubelieve,Do You Believe?,12985600,n/a,3591282,,,2015-03-20,2016-06-17,98,120,PG-13,Drama,Pure Flix,,,N/A,"1,356","Sean Astin,Delroy Lindo,Mira Sorvino",,,
loveandmercy,Love & Mercy,12551031,16090745,,2122177,1752417,2015-06-05,2016-10-17,119,121,PG-13,Music Drama,Roadside Attractions,,,N/A,791,"John Cusack,Paul Dano,Elizabeth Banks,Paul Giamatti,Kenny Wormald",,,
strangemagic,Strange Magic,12429583,1173870,5504441,,,2015-01-23,2016-04-17,84,99,PG,Animation,Buena Vista,,"George Lucas, ,(executive)",N/A,"3,020","Tony Cox*, ,(Voice),Alan Cumming ,(Voice),Evan Rachel Wood ,(Voice),Kristin Chenoweth ,(Voice),Maya Rudolph ,(Voice)","George Lucas, ,(story)",,
hottub2,Hot Tub Time Machine 2,12314651,767000,5963324,,,2015-02-20,2016-03-17,35,93,R,Comedy,Paramount,Steve Pink,Andrew Panay,$14 million,"2,901","Adam Scott,Clark Duke,Rob Corddry,Craig Robinson,Chevy Chase,Gillian Jacobs",Josh Heald,,Christophe Beck
selfless,Self/Less,12279691,18243535,5403460,,,2015-07-10,2016-08-17,49,117,PG-13,Sci-Fi Thriller,Focus Features,Tarsem,"Ram Bergman,Peter Schlessel,James D. Stern",$26 million,"2,353","Ryan Reynolds,Matthew Goode,Ben Kingsley,Michelle Dockery,Derek Luke",,,
maddingcrowd,Far from the Madding Crowd,12236500,17993477,,164985,2287234,2015-05-01,2016-08-17,105,119,PG-13,Drama,Fox Searchlight,Thomas Vinterberg,,N/A,902,"Carey Mulligan,Matthias Schoenaerts,Michael Sheen,Tom Sturridge,Juno Temple",David Nicholls,,
33,The 33,12227722,12675001,5787266,,,2015-11-13,2016-01-17,70,120,PG-13,Drama,Warner Bros.,,,N/A,"2,452","Antonio Banderas,Rodrigo Santoro,Juliette Binoche,Gabriel Byrne",,,James Horner
foxcatcher,Foxcatcher,12096300,n/a,,270877,980000,2014-11-14,2016-03-17,115,134,R,Drama,Sony Classics,Bennett Miller,Megan Ellison,N/A,759,"Steve Carell,Mark Ruffalo,Channing Tatum",,,
gunman2015,The Gunman,10664749,13512388,5028702,,,2015-03-20,2016-04-17,42,115,R,Thriller,Open Road Films,Pierre Morel,"Sean Penn,Joel Silver",$40 million,"2,816","Mark Rylance,Sean Penn,Javier Bardem,Idris Elba,Ray Winstone","Don Macpherson,Pete Travis",,
vaughn14,Unfinished Business,10219501,4211752,4772613,,,2015-03-06,2016-04-17,42,91,R,Comedy,Fox,Ken Scott,,$35 million,"2,777","Dave Franco,Sienna Miller,Vince Vaughn,Tom Wilkinson",,,
clouds2015,The Walk,10137502,51044440,,1560299,3719177,2015-09-30,2016-11-17,40,123,PG,Adventure,TriStar,Robert Zemeckis,Robert Zemeckis,$35 million,"2,509","Joseph Gordon-Levitt,Ben Kingsley,Charlotte LeBon,James Badge Dale",,Dariusz Wolski,Alan Silvestri
ungalloconmuchoshuevos,Un Gallo con Muchos Huevos,9080818,n/a,,3424702,2024134,2015-09-04,2016-10-17,49,98,PG-13,Animation,Lionsgate,,,$5.3 million,616,,,,
inherentvice,Inherent Vice,8110975,6600000,,328184,2773260,2014-12-12,2016-02-17,77,148,R,Crime,Warner Bros.,Paul Thomas Anderson,"Paul Thomas Anderson,Daniel Lupi,JoAnne Sellar",N/A,653,"Michael K. Williams,Joaquin Phoenix,Josh Brolin,Owen Wilson,Reese Witherspoon,Benicio Del Toro,Jena Malone,Maya Rudolph*",Paul Thomas Anderson,,Jonny Greenwood
mann2015,Blackhat,8005980,11646077,3901815,,,2015-01-16,2016-02-17,,135,R,Thriller,Universal,Michael Mann,"Jon Jashni,Michael Mann,Thomas Tull",$70 million,"2,568","Chris Hemsworth,Viola Davis","Morgan Davis Foehl,Michael Mann",,"Harry Gregson-Williams,Atticus Ross"
trumbo2015,Trumbo (2015),7857741,377920,,74177,1613397,2015-11-06,2016-03-17,119,124,R,Drama,Bleecker Street,Jay Roach,,N/A,660,"Bryan Cranston,Elle Fanning,John Goodman,Diane Lane,Helen Mirren,Michael Stuhlbarg,Alan Tudyk",,,
mortdecai,Mortdecai,7696134,39579561,4200586,,,2015-01-23,2016-02-17,28,106,R,Action Comedy,Lionsgate,David Koepp,"Johnny Depp,Andrew Lazar,Gigi Pritzker",$60 million,"2,648","Johnny Depp,Gwyneth Paltrow,Ewan McGregor,Paul Bettany,Olivia Munn,Oliver Platt,Jeff Goldblum",Eric Aronson,,"Mark Ronson,Geoff Zanelli"
whilewereyoung,While We're Young,7587485,9699824,,227688,1438384,2015-03-27,2016-06-17,94,94,R,Comedy / Drama,A24,Noah Baumbach,"Noah Baumbach,Scott Rudin",N/A,762,"Ben Stiller,Naomi Watts,Adam Driver,Amanda Seyfried,Charles Grodin",Noah Baumbach,,James Murphy
greeninferno,The Green Inferno,7192291,n/a,3520626,,,2015-09-25,2016-11-17,42,100,R,Horror,High Top Releasing,Eli Roth,,$5 million,"1,543",,,,
ourbrandiscrisis20115,Our Brand Is Crisis (2015),7002261,n/a,3238433,,,2015-10-30,2016-12-17,49,108,R,Comedy / Drama,Warner Bros.,David Gordon Green,"Sandra Bullock,George Clooney,Grant Heslov",$28 million,"2,202","Sandra Bullock,Ann Dowd,Zoe Kazan,Anthony Mackie,Scoot McNairy,Billy Bob Thornton",Peter Straughan,Tim Orr,
grandma2015,Grandma (2015),6980524,106928,,115540,1501101,2015-08-21,2016-03-17,196,78,R,Comedy,Sony Classics,Paul Weitz,,"$600,000","1,061","Judy Greer,Marcia Gay Harden,Lily Tomlin",Paul Weitz,,
meandearl,Me and Earl and the Dying Girl,6758416,2316333,,196496,1246803,2015-06-12,2016-09-17,91,104,PG-13,Drama,Fox Searchlight,,,$8 million,870,,,,
littleboy,Little Boy,6485961,n/a,2750356,,,2015-04-24,2016-06-17,56,106,PG-13,Drama,Open Road Films,Alejandro Monteverde,"Mark Burnett, ,(executive)",N/A,"1,045","Kevin James,Emily Watson,Tom Wilkinson,Michael Rapaport","Alejandro Monteverde,Pepe Portillo",,
loft,The Loft,6002684,4074106,2747342,,,2015-01-30,2016-02-17,28,108,R,Thriller,Open Road Films,Erik Van Looy,"Hilde De Laere,Matt DeRoss,Steve Golin,Paul Green",N/A,"1,841","Karl Urban,Wentworth Miller,James Marsden,Rhona Mitra,Margarita Levieva,Eric Stonestreet,Rachael Taylor,Matthias Schoenaerts,Isabel Lucas",,,
frankenstein2014,Victor Frankenstein,5775076,28452222,2469341,,,2015-11-25,2016-12-17,39,109,PG-13,Drama,Fox,Paul McGuigan,John Davis,N/A,"2,797","Daniel Radcliffe,James McAvoy,Jessica Brown Findlay,Andrew Scott,Freddie Fox",Max Landis,,
amostviolentyear,A Most Violent Year,5749134,6257936,,172788,1512224,2014-12-31,2016-04-17,117,125,R,Drama / Thriller,A24,J.C. Chandor,,$20 million,818,"Oscar Isaac,Jessica Chastain,David Oyelowo,Albert Brooks",J.C. Chandor,,
dannycollins,Danny Collins,5637066,5198686,,72459,1479158,2015-03-20,2016-06-17,77,106,R,Comedy / Drama,Bleecker Street,Dan Fogelman,,$10 million,739,"Al Pacino,Jennifer Garner,Christopher Plummer,Annette Bening,Bobby Cannavale,Josh Peck",Dan Fogelman,,
90minutesinheaven,90 Minutes in Heaven,4842699,,2035273,,,2015-09-11,2016-11-17,52,121,PG-13,Drama,Samuel Goldwyn,Michael Polish,,$5 million,899,"Kate Bosworth,Hayden Christensen",Michael Polish,,
truestory,True Story,4719695,n/a,1950214,,,2015-04-17,2016-06-17,49,99,R,Drama,Fox Searchlight,,"Dede Gardner,Jeremy Kleiner,Brad Pitt",N/A,856,"Jonah Hill,James Franco,Felicity Jones",,,
irrationalman,Irrational Man,4030360,23360724,,175312,836034,2015-07-17,2016-11-17,112,96,R,Comedy,Sony Classics,Woody Allen,,N/A,925,"Emma Stone,Joaquin Phoenix",Woody Allen,,
scoutsvszombies,Scouts Guide to the Zombie Apocalypse,3703046,11157720,1841007,,,2015-10-30,2016-11-17,21,93,R,Horror Comedy,Paramount,Christopher B. Landon,,$15 million,"1,509","Tye Sheridan,Patrick Schwarzenegger",,,
weareyourfriends,We Are Your Friends,3591417,7530673,1767308,,,2015-08-28,2016-09-17,28,96,R,Drama,Warner Bros.,,"Tim Bevan,Eric Fellner",N/A,"2,333","Zac Efron,Emily Ratajkowski,Wes Bentley,Jon Bernthal",,,
rockthekasbah,Rock The Kasbah,3020664,n/a,1470592,,,2015-10-23,2016-11-17,35,106,R,Comedy / Drama,Open Road Films,Barry Levinson,,N/A,"2,012","Bill Murray,Bruce Willis,Kate Hudson,Zooey Deschanel,Danny McBride,Scott Caan",,,
captive2015,Captive (2015),2583301,218207,1393243,,,2015-09-18,2016-10-17,21,97,PG-13,Thriller,Paramount,,,N/A,807,"Kate Mara,David Oyelowo",,,
truth,Truth,2541854,n/a,,66232,875935,2015-10-16,2016-02-17,119,121,R,Drama,Sony Classics,James Vanderbilt,,N/A,"1,122","Cate Blanchett,Topher Grace,Elisabeth Moss,Dennis Quaid,Robert Redford",,,Brian Tyler
pawnsacrifice,Pawn Sacrifice,2436633,3141886,,202053,1005071,2015-09-16,2016-12-17,93,114,PG-13,Drama,Bleecker Street,Edward Zwick,,N/A,781,"Tobey Maguire,Liev Schreiber,Peter Sarsgaard,Michael Stuhlbarg",Steven Knight,,
myallamerican,My All American,2246000,,1365000,,,2015-11-13,2016-11-17,17,118,PG,Drama,Clarius Entertainment,Angelo Pizzo,Paul Schiff,N/A,"1,565","Sarah Bolger,Michael Riley Burke,Aaron Eckhart,Juston Street,Rett Terrell,Robin Tunney,Finn Witrock",Angelo Pizzo,,John Paesano
jemandtheholograms,Jem and the Holograms,2184640,149044,1375320,,,2015-10-23,2016-11-17,14,118,PG,Musical,Universal,Jon Chu,"Jason Blum,Scooter Braun,Jon Chu",$5 million,"2,417",,,,
backtothefutureday,Back to the Future Day,1650000,3200000,,,,2015-10-21,2016-10-17,1,,PG,Action Comedy,Universal Home Entertainment,,,N/A,"1,815",,,,
theletters,The Letters,1647416,,700683,,,2015-12-04,2016-01-17,56,119,PG,Drama,Freestyle Releasing,William Riead,,N/A,886,"Priya Darshini,Rutger Hauer,Juliet Stevenson,Max von Sydow",William Riead,,
diaryofateenagegirl,The Diary of a Teenage Girl,1477002,n/a,,52334,393153,2015-08-07,2016-10-17,80,102,R,Drama,Sony Classics,,,N/A,795,"Bel Powley,Alexander Skarsg√•rd,Kristen Wiig,Christopher Meloni",,,
99homes,99 Homes,1411927,n/a,,32253,647825,2015-09-25,2016-11-17,63,112,R,Thriller,Broad Green Pictures,,,$8 million,691,"Bruce Greenwood,Andrew Garfield,Michael Shannon,Laura Dern",,,
patternsofevidence,Patterns of Evidence: The Exodus,,,,,,2015-01-19,2016-01-17,13,115,Unrated,Documentary,Thinking Man Films,,,N/A,652,,,,
dtrain,The D Train,673151,101629,447661,,,2015-05-08,2016-05-17,,101,R,Comedy,IFC,,,N/A,"1,009","Jack Black,Kathryn Hahn,James Marsden,Jeffrey Tambor",,,
