,movie_id,movie_title,domestic_total_gross,foreign_total_gross,opening_weekend,opening_weekend_limited,opening_weekend_wide,release_date,close_date,in_release_days,runtime_mins,rating,genre,distributor,director,producer,production_budget,widest_release_theaters,actors,writers,cinematographers,composers,actorlist,winner,nomination
0,starwars7,Star Wars: The Force Awakens,936662225.0,1131561399,247966675.0,,,2015-12-18,2016-06-17,168.0,136.0,PG-13,Sci-Fi Fantasy,Buena Vista,J.J. Abrams,"J.J. Abrams,Bryan Burk,Kathleen Kennedy",$245 million,"4,134","John Boyega,Daisy Ridley,Adam Driver,Oscar Isaac,Andy Serkis,Domhnall Gleeson,Max von Sydow,Harrison Ford,Carrie Fisher,Mark Hamill,Anthony Daniels,Peter Mayhew,Kenny Baker,Warwick Davis,Lupita Nyong'o","J.J. Abrams,Michael Arndt,Lawrence Kasdan",,John Williams,"['John Boyega', 'Daisy Ridley', 'Adam Driver', 'Oscar Isaac', 'Andy Serkis', 'Domhnall Gleeson', 'Max von Sydow', 'Harrison Ford', 'Carrie Fisher', 'Mark Hamill', 'Anthony Daniels', 'Peter Mayhew', 'Kenny Baker', 'Warwick Davis', ""Lupita Nyong'o""]",1.0,3.0
1,jurassicpark4,Jurassic World,652270625.0,1018130012,208806270.0,,,2015-06-12,2016-11-17,,124.0,PG-13,Action / Adventure,Universal,Colin Trevorrow,"Patrick Crowley,Jon Jashni, ,(executive),Frank Marshall,Steven Spielberg, ,(executive),Thomas Tull, ,(executive)",$150 million,"4,291","Nick Robinson,Omar Sy,Chris Pratt,Bryce Dallas Howard,Jake Johnson,Vincent D'Onofrio,Irrfan Khan,Judy Greer","Derek Connolly,Rick Jaffa,Amanda Silver,Colin Trevorrow",,Michael Giacchino,"['Nick Robinson', 'Omar Sy', 'Chris Pratt', 'Bryce Dallas Howard', 'Jake Johnson', ""Vincent D'Onofrio"", 'Irrfan Khan', 'Judy Greer']",0.0,0.0
2,avengers2,Avengers: Age of Ultron,459005868.0,946397826,191271109.0,,,2015-05-01,2016-10-17,161.0,141.0,PG-13,Action / Adventure,Buena Vista,Joss Whedon,"Victoria Alonso, ,(executive),Louis D'Esposito, ,(executive),Jon Favreau, ,(executive),Kevin Feige,Alan Fine, ,(executive),Jeremy Latcham ,(executive),Stan Lee, ,(executive)",$250 million,"4,276","Robert Downey, Jr.,Chris Hemsworth,Mark Ruffalo,Chris Evans,Scarlett Johansson,Jeremy Renner,Don Cheadle,Aaron Johnson,Elizabeth Olsen,Paul Bettany,Cobie Smulders,Anthony Mackie,Hayley Atwell,Idris Elba,Stellan Skarsgard,James Spader ,(Voice),Samuel L. Jackson,Josh Brolin, ,(Voice),Andy Serkis*, ,(Cameo)",Joss Whedon,,"Danny Elfman,Brian Tyler","['Robert Downey', ' Jr.', 'Chris Hemsworth', 'Mark Ruffalo', 'Chris Evans', 'Scarlett Johansson', 'Jeremy Renner', 'Don Cheadle', 'Aaron Johnson', 'Elizabeth Olsen', 'Paul Bettany', 'Cobie Smulders', 'Anthony Mackie', 'Hayley Atwell', 'Idris Elba', 'Stellan Skarsgard', 'James Spader ', '(Voice)', 'Samuel L. Jackson', 'Josh Brolin', ' ', '(Voice)', 'Andy Serkis*', ' ', '(Cameo)']",0.0,8.0
3,pixar2014,Inside Out,356461711.0,501149463,90440272.0,,,2015-06-19,2016-12-17,175.0,94.0,PG,Animation,Buena Vista,Pete Docter,"John Lasseter, ,(executive),Jonas Rivera",$175 million,"4,158","Amy Poehler ,(Voice),Bill Hader ,(Voice),Mindy Kaling, ,(Voice),Phyllis Smith ,(Voice),Lewis Black ,(Voice),Diane Lane, ,(Voice),Kyle MacLachlan ,(Voice)","Josh Cooley,Pete Docter,Meg LaFauve",,Michael Giacchino,"['Amy Poehler ', '(Voice)', 'Bill Hader ', '(Voice)', 'Mindy Kaling', ' ', '(Voice)', 'Phyllis Smith ', '(Voice)', 'Lewis Black ', '(Voice)', 'Diane Lane', ' ', '(Voice)', 'Kyle MacLachlan ', '(Voice)']",0.0,1.0
4,fast7,Furious 7,353007020.0,1163038891,147187040.0,,,2015-04-03,2016-07-17,,137.0,PG-13,Action,Universal,James Wan,"Vin Diesel,Neal H. Moritz,Thomas Tull, ,(executive)",$190 million,"4,022","Tony Jaa,Vin Diesel,Paul Walker,Dwayne Johnson,Michelle Rodriguez,Jordana Brewster,Tyrese Gibson,Chris 'Ludacris' Bridges,Lucas Black,Jason Statham,Djimon Hounsou,Kurt Russell",Chris Morgan,,Brian Tyler,"['Tony Jaa', 'Vin Diesel', 'Paul Walker', 'Dwayne Johnson', 'Michelle Rodriguez', 'Jordana Brewster', 'Tyrese Gibson', ""Chris 'Ludacris' Bridges"", 'Lucas Black', 'Jason Statham', 'Djimon Hounsou', 'Kurt Russell']",0.0,2.0
5,americansniper,American Sniper,350126372.0,197300000,,633456.0,89269066.0,2014-12-25,2016-06-17,183.0,132.0,R,Drama,Warner Bros.,Clint Eastwood,"Bradley Cooper,Clint Eastwood,Jason Dean Hall, ,(executive),Andrew Lazar,Robert Lorenz,Tim Moore, ,(executive)",$58.8 million,"3,885","Bradley Cooper,Kyle Gallner,Sienna Miller",Jason Dean Hall,,,"['Bradley Cooper', 'Kyle Gallner', 'Sienna Miller']",0.0,3.0
6,minions,Minions,336045770.0,823352627,115718405.0,,,2015-07-10,2016-12-17,161.0,91.0,PG,Animation,Universal,Pierre Coffin,"Janet Healy,Christopher Meledandri,Chris Renaud, ,(executive)",$74 million,"4,311","Sandra Bullock, ,(Voice),Jon Hamm, ,(Voice),Michael Keaton, ,(Voice),Allison Janney ,(Voice),Steve Coogan, ,(Voice)",Brian Lynch,,Heitor Pereira,"['Sandra Bullock', ' ', '(Voice)', 'Jon Hamm', ' ', '(Voice)', 'Michael Keaton', ' ', '(Voice)', 'Allison Janney ', '(Voice)', 'Steve Coogan', ' ', '(Voice)']",1.0,2.0
7,hungergames4,The Hunger Games: Mockingjay - Part 2,281723902.0,371704359,102665981.0,,,2015-11-20,2016-02-17,98.0,137.0,PG-13,Action / Adventure,Lionsgate,Francis Lawrence,,$160 million,"4,175","Jennifer Lawrence,Josh Hutcherson,Liam Hemsworth,Woody Harrelson,Donald Sutherland,Philip Seymour Hoffman,Julianne Moore,Sam Claflin,Elizabeth Banks,Jena Malone,Jeffrey Wright,Stanley Tucci","Peter Craig,Danny Strong",,James Newton Howard,"['Jennifer Lawrence', 'Josh Hutcherson', 'Liam Hemsworth', 'Woody Harrelson', 'Donald Sutherland', 'Philip Seymour Hoffman', 'Julianne Moore', 'Sam Claflin', 'Elizabeth Banks', 'Jena Malone', 'Jeffrey Wright', 'Stanley Tucci']",3.0,13.0
8,scott2016,The Martian,228433663.0,401728227,54308575.0,,,2015-10-02,2016-03-17,168.0,141.0,PG-13,Sci-Fi,Fox,Ridley Scott,"Mark Huffam,Simon Kinberg,Michael Schaefer,Ridley Scott,Aditya Sood",$108 million,"3,854","Sean Bean,Jessica Chastain,Matt Damon,Jeff Daniels,Chiwetel Ejiofor,Donald Glover,Kate Mara,Michael Pena,Sebastian Stan,Kristen Wiig",Drew Goddard,Dariusz Wolski,Harry Gregson-Williams,"['Sean Bean', 'Jessica Chastain', 'Matt Damon', 'Jeff Daniels', 'Chiwetel Ejiofor', 'Donald Glover', 'Kate Mara', 'Michael Pena', 'Sebastian Stan', 'Kristen Wiig']",0.0,6.0
9,cinderella2015,Cinderella (2015),201151353.0,342363000,67877361.0,,,2015-03-13,2016-09-17,189.0,112.0,PG,Fantasy,Buena Vista,Kenneth Branagh,Simon Kinberg,$95 million,"3,848","Lily James,Richard Madden,Cate Blanchett,Helena Bonham Carter,Stellan Skarsgard,Hayley Atwell",Chris Weitz,,,"['Lily James', 'Richard Madden', 'Cate Blanchett', 'Helena Bonham Carter', 'Stellan Skarsgard', 'Hayley Atwell']",2.0,7.0
10,bond24,Spectre,200074609.0,680600000,70403148.0,,,2015-11-06,2016-04-17,154.0,148.0,PG-13,Action,Sony / Columbia,Sam Mendes,"Barbara Broccoli,Michael G. Wilson",$245 million,"3,929","Daniel Craig,Christoph Waltz,Ralph Fiennes,Dave Bautista,Monica Bellucci,Lea Seydoux,Ben Whishaw,Naomie Harris",John Logan,,Thomas Newman,"['Daniel Craig', 'Christoph Waltz', 'Ralph Fiennes', 'Dave Bautista', 'Monica Bellucci', 'Lea Seydoux', 'Ben Whishaw', 'Naomie Harris']",2.0,2.0
11,mi5,Mission: Impossible - Rogue Nation,195042377.0,487287762,55520089.0,,,2015-07-31,2016-10-17,91.0,130.0,PG-13,Action,Paramount,Christopher McQuarrie,"J.J. Abrams,Bryan Burk,Tom Cruise,David Ellison",$150 million,"3,988","Rebecca Ferguson,Tom Cruise,Jeremy Renner,Simon Pegg,Alec Baldwin,Ving Rhames,Rebecca Ferguson",Christopher McQuarrie,,,"['Rebecca Ferguson', 'Tom Cruise', 'Jeremy Renner', 'Simon Pegg', 'Alec Baldwin', 'Ving Rhames', 'Rebecca Ferguson']",0.0,6.0
12,pitchperfect2,Pitch Perfect 2,184296230.0,103209964,69216890.0,,,2015-05-15,2016-07-17,,115.0,PG-13,Comedy,Universal,Elizabeth Banks,"Elizabeth Banks,Max Handelman,Jason Moore, ,(executive)",$29 million,"3,660","Anna Kendrick,Skylar Astin,Rebel Wilson,Adam DeVine,Anna Camp,Brittany Snow,Hailee Steinfeld,Katey Sagal,Elizabeth Banks,Keegan-Michael Key",Kay Cannon,,Mark Mothersbaugh,"['Anna Kendrick', 'Skylar Astin', 'Rebel Wilson', 'Adam DeVine', 'Anna Camp', 'Brittany Snow', 'Hailee Steinfeld', 'Katey Sagal', 'Elizabeth Banks', 'Keegan-Michael Key']",0.0,2.0
13,antman,Ant-Man,180202163.0,339109802,57225526.0,,,2015-07-17,2016-12-17,154.0,117.0,PG-13,Action / Adventure,Buena Vista,Peyton Reed,Kevin Feige,$130 million,"3,868","Chris Evans*,Judy Greer,Anthony Mackie*,Paul Rudd,Michael Douglas,Evangeline Lilly,Corey Stoll,John Slattery,Bobby Cannavale,Michael Pena,T.I.","Joe Cornish,Adam McKay,Paul Rudd,Edgar Wright",,Christophe Beck,"['Chris Evans*', 'Judy Greer', 'Anthony Mackie*', 'Paul Rudd', 'Michael Douglas', 'Evangeline Lilly', 'Corey Stoll', 'John Slattery', 'Bobby Cannavale', 'Michael Pena', 'T.I.']",1.0,0.0
14,happysmekday,Home (2015),177397510.0,208644097,52107731.0,,,2015-03-27,2016-09-17,168.0,94.0,PG,Animation,Fox,Tim Johnson,Mireille Soria,$135 million,"3,801","Jim Parsons ,(Voice),Rihanna, ,(Voice),Steve Martin, ,(Voice),Jennifer Lopez, ,(Voice)","Tom J. Astle,Matt Ember",,Lorne Balfe,"['Jim Parsons ', '(Voice)', 'Rihanna', ' ', '(Voice)', 'Steve Martin', ' ', '(Voice)', 'Jennifer Lopez', ' ', '(Voice)']",0.0,0.0
15,hoteltransylvania2,Hotel Transylvania 2,169700110.0,303526848,48464322.0,,,2015-09-25,2016-03-17,161.0,89.0,PG,Animation,Sony / Columbia,Genndy Tartakovsky,"Allen Covert,Michelle Murdocca,Adam Sandler,Robert Smigel",$80 million,"3,768","Adam Sandler, ,(Voice),Andy Samberg, ,(Voice),Selena Gomez, ,(Voice),Kevin James, ,(Voice),Steve Buscemi ,(Voice),David Spade, ,(Voice),Keegan-Michael Key ,(Voice),Fran Drescher ,(Voice),Molly Shannon ,(Voice),Megan Mullally ,(Voice),Nick Offerman ,(Voice),Rob Riggle, ,(Voice),Mel Brooks ,(Voice),Chris Kattan* ,(Voice),Jon Lovitz* ,(Voice),Robert Smigel*, ,(Voice),Nick Swardson*, ,(Voice),Dana Carvey*, ,(Voice)","Adam Sandler,Robert Smigel",,Mark Mothersbaugh,"['Adam Sandler', ' ', '(Voice)', 'Andy Samberg', ' ', '(Voice)', 'Selena Gomez', ' ', '(Voice)', 'Kevin James', ' ', '(Voice)', 'Steve Buscemi ', '(Voice)', 'David Spade', ' ', '(Voice)', 'Keegan-Michael Key ', '(Voice)', 'Fran Drescher ', '(Voice)', 'Molly Shannon ', '(Voice)', 'Megan Mullally ', '(Voice)', 'Nick Offerman ', '(Voice)', 'Rob Riggle', ' ', '(Voice)', 'Mel Brooks ', '(Voice)', 'Chris Kattan* ', '(Voice)', 'Jon Lovitz* ', '(Voice)', 'Robert Smigel*', ' ', '(Voice)', 'Nick Swardson*', ' ', '(Voice)', 'Dana Carvey*', ' ', '(Voice)']",0.0,0.0
16,fiftyshadesofgrey,Fifty Shades of Grey,166167230.0,404838898,85171450.0,,,2015-02-13,2016-05-17,84.0,125.0,R,Romance,Universal,Sam Taylor-Johnson,"Dana Brunetti,Michael De Luca,E.L. James,Peter Schlessel, ,(executive)",$40 million,"3,655","Dakota Johnson,Jamie Dornan,Jennifer Ehle,Marcia Gay Harden",Kelly Marcel,,Danny Elfman,"['Dakota Johnson', 'Jamie Dornan', 'Jennifer Ehle', 'Marcia Gay Harden']",1.0,1.0
17,spongebob2,The SpongeBob Movie: Sponge Out of Water,162994032.0,160442506,55365012.0,,,2015-02-06,2016-05-17,112.0,93.0,PG,Animation,Paramount,,"Mary Parent,Paul Tibbitt",$74 million,"3,680",Antonio Banderas,"Jonathan Aibel,Glenn Berger,Paul Tibbitt",,John Debney,['Antonio Banderas'],0.0,0.0
18,straightouttacompton,Straight Outta Compton,161197785.0,40437206,60200180.0,,,2015-08-14,2016-10-17,,147.0,R,Drama,Universal,F. Gary Gray,"Matt Alvarez,Ice Cube,Will Packer, ,(executive)",$28 million,"3,142","Corey Hawkins,Aldis Hodge,Jason Mitchell,Keith Stanfield",,,,"['Corey Hawkins', 'Aldis Hodge', 'Jason Mitchell', 'Keith Stanfield']",0.0,0.0
19,sanandreas,San Andreas,155190832.0,318800000,54588173.0,,,2015-05-29,2016-10-17,140.0,114.0,PG-13,Action,Warner Bros. (New Line),Brad Peyton,"Beau Flynn,Tripp Vinson, ,(executive)",$110 million,"3,812","Alexandra Daddario,Paul Giamatti,Ioan Gruffudd,Carla Gugino,Dwayne Johnson",Carlton Cuse,,Andrew Lockington,"['Alexandra Daddario', 'Paul Giamatti', 'Ioan Gruffudd', 'Carla Gugino', 'Dwayne Johnson']",0.0,1.0
20,furyroad,Mad Max: Fury Road,153636354.0,224800000,45428128.0,,,2015-05-15,2016-09-17,133.0,120.0,R,Sci-Fi Action,Warner Bros.,George Miller,George Miller,$150 million,"3,722","Riley Keough,Tom Hardy,Charlize Theron,Nicholas Hoult,Rosie Huntington-Whiteley","Nick Lathouris,Brendan McCarthy,George Miller",,Junkie XL,"['Riley Keough', 'Tom Hardy', 'Charlize Theron', 'Nicholas Hoult', 'Rosie Huntington-Whiteley']",1.0,2.0
21,daddyshome,Daddy's Home,150357137.0,90003255,38740203.0,,,2015-12-25,2016-04-17,105.0,96.0,PG-13,Comedy,Paramount,Sean Anders,"Sean Anders, ,(Executive),Riza Aziz, ,(Executive),Jessica Elbaum ,(Executive),Will Ferrell,Chris Henchy,David Koplan ,(Executive),Joey McFarland, ,(Executive),Adam McKay,Kevin J. Messick ,(Executive),John Morris,Diana Pokorny ,(Executive)",,"3,483","Linda Cardellini,Thomas Haden Church,Will Ferrell,Mark Wahlberg",,,,"['Linda Cardellini', 'Thomas Haden Church', 'Will Ferrell', 'Mark Wahlberg']",0.0,2.0
22,insurgent,The Divergent Series: Insurgent,130179072.0,167097257,52263680.0,,,2015-03-20,2016-07-17,112.0,119.0,PG-13,Action / Adventure,Lionsgate/Summit,Robert Schwentke,"Neil Burger, ,(executive),Lucy Fisher,David Hoberman, ,(executive),Douglas Wick",$110 million,"3,875","Shailene Woodley,Theo James,Kate Winslet,Octavia Spencer,Jai Courtney,Ray Stevenson,Miles Teller,Ansel Elgort,Maggie Q,Mekhi Phifer,Naomi Watts","Mark Bomback,Brian Duffield,Akiva Goldsman",,,"['Shailene Woodley', 'Theo James', 'Kate Winslet', 'Octavia Spencer', 'Jai Courtney', 'Ray Stevenson', 'Miles Teller', 'Ansel Elgort', 'Maggie Q', 'Mekhi Phifer', 'Naomi Watts']",2.0,8.0
23,peanuts2015,The Peanuts Movie,130178411.0,116054702,44213073.0,,,2015-11-06,2016-03-17,147.0,93.0,G,Animation,Fox,,,$99 million,"3,902",,,,Christophe Beck,['nan'],0.0,0.0
24,secretservice,Kingsman: The Secret Service,128261724.0,286089822,36206331.0,,,2015-02-13,2016-07-17,147.0,129.0,R,Action / Adventure,Fox,Matthew Vaughn,Matthew Vaughn,$81 million,"3,282","Sofia Boutella,Colin Firth,Samuel L. Jackson,Michael Caine,Taron Egerton,Mark Strong,Sophie Cookson,Mark Hamill","Jane Goldman,Matthew Vaughn",,Henry Jackman,"['Sofia Boutella', 'Colin Firth', 'Samuel L. Jackson', 'Michael Caine', 'Taron Egerton', 'Mark Strong', 'Sophie Cookson', 'Mark Hamill']",3.0,6.0
25,pixar2013,The Good Dinosaur,123087120.0,209120551,39155217.0,,,2015-11-25,2016-04-17,135.0,100.0,PG,Animation,Buena Vista,Peter Sohn,,,"3,749","Jack Bright ,(Voice),Frances McDormand, ,(Voice),Raymond Ochoa ,(Voice),Anna Paquin, ,(Voice),Jeffrey Wright, ,(Voice),Steve Zahn ,(Voice)",,,"Jeff Danna,Mychael Danna","['Jack Bright ', '(Voice)', 'Frances McDormand', ' ', '(Voice)', 'Raymond Ochoa ', '(Voice)', 'Anna Paquin', ' ', '(Voice)', 'Jeffrey Wright', ' ', '(Voice)', 'Steve Zahn ', '(Voice)']",2.0,3.0
26,susancooper,Spy,110825712.0,124840507,29085719.0,,,2015-06-05,2016-10-17,126.0,120.0,R,Comedy,Fox,Paul Feig,"Peter Chernin,Paul Feig",$65 million,"3,715","Morena Baccarin,Melissa McCarthy,Jason Statham,Jude Law,Rose Byrne,Allison Janney,Bobby Cannavale,50 Cent",Paul Feig,,Theodore Shapiro,"['Morena Baccarin', 'Melissa McCarthy', 'Jason Statham', 'Jude Law', 'Rose Byrne', 'Allison Janney', 'Bobby Cannavale', '50 Cent']",0.0,3.0
27,trainwreck15,Trainwreck,110212700.0,30583093,30097040.0,,,2015-07-17,2016-10-17,,125.0,R,Comedy,Universal,Judd Apatow,"Judd Apatow,Barry Mendel",$35 million,"3,171","John Cena,Brie Larson,Method Man,Ezra Miller,Daniel Radcliffe, ,(Cameo),Marisa Tomei,Amy Schumer,Bill Hader,Tilda Swinton",Amy Schumer,,Jon Brion,"['John Cena', 'Brie Larson', 'Method Man', 'Ezra Miller', 'Daniel Radcliffe', ' ', '(Cameo)', 'Marisa Tomei', 'Amy Schumer', 'Bill Hader', 'Tilda Swinton']",3.0,2.0
28,creed,Creed,109767581.0,63800000,29632823.0,,,2015-11-25,2016-03-17,100.0,133.0,PG-13,Drama,Warner Bros. (New Line),Ryan Coogler,,$35 million,"3,502","Michael B. Jordan,Sylvester Stallone,Tessa Thompson",Ryan Coogler,,,"['Michael B. Jordan', 'Sylvester Stallone', 'Tessa Thompson']",0.0,2.0
29,1952,Tomorrowland,93436322.0,115718000,33028165.0,,,2015-05-22,2016-09-17,119.0,130.0,PG,Sci-Fi,Buena Vista,Brad Bird,"Brad Bird,Jeffrey Chernov,Damon Lindelof",$190 million,"3,972","Britt Robertson,George Clooney,Hugh Laurie,Keegan-Michael Key,Kathryn Hahn*,Judy Greer*","Brad Bird,Damon Lindelof",,Michael Giacchino,"['Britt Robertson', 'George Clooney', 'Hugh Laurie', 'Keegan-Michael Key', 'Kathryn Hahn*', 'Judy Greer*']",1.0,3.0
30,gethard,Get Hard,90411453.0,21400000,33803253.0,,,2015-03-27,2016-07-17,105.0,100.0,R,Comedy,Warner Bros.,Etan Cohen,"Will Ferrell,Chris Henchy, ,(executive),Adam McKay",$40 million,"3,212","Will Ferrell,Kevin Hart,Craig T. Nelson,Alison Brie,T.I.","Etan Cohen,Jay Martel,Ian Roberts",,Christophe Beck,"['Will Ferrell', 'Kevin Hart', 'Craig T. Nelson', 'Alison Brie', 'T.I.']",0.0,0.0
31,terminator2015,Terminator: Genisys,89760956.0,350842581,27018486.0,,,2015-07-01,2016-09-17,79.0,126.0,PG-13,Action,Paramount,Alan Taylor,"David Ellison,Megan Ellison, ,(executive),Dana Goldberg,Laeta Kalogridis, ,(executive),Patrick Lussier, ,(executive),Paul Schwake, ,(executive)",$155 million,"3,783","Arnold Schwarzenegger,Jason Clarke,Emilia Clarke,Jai Courtney,J.K. Simmons","Laeta Kalogridis,Patrick Lussier",,,"['Arnold Schwarzenegger', 'Jason Clarke', 'Emilia Clarke', 'Jai Courtney', 'J.K. Simmons']",1.0,0.0
32,taken3,Taken 3,89256424.0,237222717,39201657.0,,,2015-01-09,2016-05-17,126.0,109.0,PG-13,Action,Fox,Olivier Megaton,Luc Besson,$48 million,"3,594","Liam Neeson,Maggie Grace,Famke Janssen,Forest Whitaker,Dougray Scott","Luc Besson,Robert Mark Kamen",,,"['Liam Neeson', 'Maggie Grace', 'Famke Janssen', 'Forest Whitaker', 'Dougray Scott']",1.0,1.0
33,nest,Sisters,87044645.0,17966408,13922855.0,,,2015-12-18,2016-03-17,84.0,118.0,R,Comedy,Universal,Jason Moore,"Tina Fey,Amy Poehler ,(executive),Jay Roach",$30 million,"2,978","Tina Fey,Amy Poehler,Maya Rudolph,John Leguizamo,Dianne Wiest,John Cena,James Brolin",,,Christophe Beck,"['Tina Fey', 'Amy Poehler', 'Maya Rudolph', 'John Leguizamo', 'Dianne Wiest', 'John Cena', 'James Brolin']",2.0,1.0
34,alvin4,Alvin and the Chipmunks: The Road Chip,85886987.0,148911649,14287159.0,,,2015-12-18,2016-05-17,154.0,86.0,PG,Family Comedy,Fox,,,,"3,705","Christina Applegate, ,(Voice),Kaley Cuoco, ,(Voice),Anna Faris, ,(Voice),Jason Lee,Justin Long, ,(Voice),Bella Thorne",,,,"['Christina Applegate', ' ', '(Voice)', 'Kaley Cuoco', ' ', '(Voice)', 'Anna Faris', ' ', '(Voice)', 'Jason Lee', 'Justin Long', ' ', '(Voice)', 'Bella Thorne']",0.0,0.0
35,mazerunner2,Maze Runner: The Scorch Trials,81697192.0,230627911,30316510.0,,,2015-09-18,2016-01-17,126.0,131.0,PG-13,Action / Adventure,Fox,Wes Ball,"Marty Bowen,Wyck Godfrey,Ellen Goldsmith-Vein,Lee Stollman",$61 million,"3,792","Patricia Clarkson,Giancarlo Esposito,Aidan Gillen,Ki Hong Lee,Barry Pepper,Lili Taylor,Dylan O'Brien,Kaya Scodelario,Thomas Brodie-Sangster",T.S. Nowlin,,John Paesano,"['Patricia Clarkson', 'Giancarlo Esposito', 'Aidan Gillen', 'Ki Hong Lee', 'Barry Pepper', 'Lili Taylor', ""Dylan O'Brien"", 'Kaya Scodelario', 'Thomas Brodie-Sangster']",0.0,1.0
36,ted2,Ted 2,81476385.0,135215348,33507870.0,,,2015-06-26,2016-08-17,,115.0,R,Comedy,Universal,Seth MacFarlane,"Jason Clark,John Jacobs,Seth MacFarlane,Scott Stuber",$68 million,"3,448","Mark Wahlberg,Seth MacFarlane, ,(Voice),Amanda Seyfried,Morgan Freeman,Giovanni Ribisi,Patrick Warburton,John Slattery,John Carroll Lynch,Liam Neeson,Dennis Haysbert,Patrick Stewart*, ,(Voice)","Seth MacFarlane,Alec Sulkin,Wellesley Wild",,Walter Murphy,"['Mark Wahlberg', 'Seth MacFarlane', ' ', '(Voice)', 'Amanda Seyfried', 'Morgan Freeman', 'Giovanni Ribisi', 'Patrick Warburton', 'John Slattery', 'John Carroll Lynch', 'Liam Neeson', 'Dennis Haysbert', 'Patrick Stewart*', ' ', '(Voice)']",1.0,6.0
37,goosebumps,Goosebumps,80080379.0,70090436,23618556.0,,,2015-10-16,2016-02-17,126.0,103.0,PG,Horror Comedy,Sony / Columbia,Rob Letterman,,$58 million,"3,618",Jack Black,,,Danny Elfman,['Jack Black'],0.0,0.0
38,pixels,Pixels,78747585.0,166127224,24011616.0,,,2015-07-24,2016-11-17,108.0,105.0,PG-13,Action Comedy,Sony / Columbia,Chris Columbus,"Chris Columbus,Allen Covert,Jack Giarraputo, ,(executive),Seth Gordon, ,(executive),Tim Herlihy, ,(executive),Heather Parry, ,(executive),Adam Sandler",$88 million,"3,723","Adam Sandler,Kevin James,Josh Gad,Michelle Monaghan,Peter Dinklage,Brian Cox","Timothy Dowling,Tim Herlihy",Amir Mokri,Henry Jackman,"['Adam Sandler', 'Kevin James', 'Josh Gad', 'Michelle Monaghan', 'Peter Dinklage', 'Brian Cox']",0.0,0.0
39,paddington,Paddington,76271832.0,191775976,18966676.0,,,2015-01-16,2016-06-17,,95.0,PG,Family,Weinstein / Dimension,Paul King,David Heyman,$55 million,"3,355","Hugh Bonneville,Sally Hawkins,Nicole Kidman,Ben Whishaw, ,(Voice),Jim Broadbent,Julie Walters",Paul King,,Nick Urata,"['Hugh Bonneville', 'Sally Hawkins', 'Nicole Kidman', 'Ben Whishaw', ' ', '(Voice)', 'Jim Broadbent', 'Julie Walters']",2.0,5.0
40,intern,The Intern,75764672.0,118800000,17728313.0,,,2015-09-25,2016-01-17,105.0,121.0,PG-13,Comedy,Warner Bros.,Nancy Meyers,,$35 million,"3,320","Robert DeNiro,Anne Hathaway,Rene Russo",Nancy Meyers,,,"['Robert DeNiro', 'Anne Hathaway', 'Rene Russo']",1.0,1.0
41,coldwar2015,Bridge of Spies,72313754.0,93164594,15371203.0,,,2015-10-16,2016-03-17,147.0,140.0,PG-13,Thriller,Buena Vista,Steven Spielberg,"Daniel Lupi, ,(executive),Marc Platt,Steven Spielberg",$40 million,"2,873","Jesse Plemons,Mark Rylance,Tom Hanks,Amy Ryan,Alan Alda","Ethan Coen,Joel Coen",,Thomas Newman,"['Jesse Plemons', 'Mark Rylance', 'Tom Hanks', 'Amy Ryan', 'Alan Alda']",3.0,5.0
42,paulblart2,Paul Blart: Mall Cop 2,71038190.0,36550035,23762435.0,,,2015-04-17,2016-08-17,108.0,94.0,PG,Comedy,Sony / Columbia,Andy Fickman,"Todd Garner,Kevin James,Adam Sandler",$30 million,"3,633","Kevin James,Neal McDonough","Nick Bakay,Kevin James",,Rupert Gregson-Williams,"['Kevin James', 'Neal McDonough']",0.0,0.0
43,bigshort,The Big Short,70259870.0,63086636,,705527.0,10531026.0,2015-12-11,2016-04-17,119.0,130.0,R,Drama,Paramount,Adam McKay,"Dede Gardner,Jeremy Kleiner,Brad Pitt",$28 million,"2,529","Selena Gomez*, ,(Cameo),Margot Robbie*, ,(Cameo),Christian Bale,Steve Carell,Ryan Gosling,Brad Pitt,Melissa Leo,Marisa Tomei","Adam McKay,Charles Randolph",,,"['Selena Gomez*', ' ', '(Cameo)', 'Margot Robbie*', ' ', '(Cameo)', 'Christian Bale', 'Steve Carell', 'Ryan Gosling', 'Brad Pitt', 'Melissa Leo', 'Marisa Tomei']",3.0,10.0
44,warroom2015,War Room,67790117.0,n/a,11351389.0,,,2015-08-28,2016-12-17,108.0,120.0,PG,Drama,TriStar,Alex Kendrick,,$3 million,"1,945",,,,,['nan'],0.0,0.0
45,magicmike2,Magic Mike XXL,66013057.0,56500000,12857184.0,,,2015-07-01,2016-09-17,86.0,115.0,R,Comedy / Drama,Warner Bros.,Gregory Jacobs,"Reid Carolin,Gregory Jacobs,Steven Soderbergh, ,(executive),Channing Tatum,Nick Wechsler",$14.8 million,"3,376","Amber Heard,Channing Tatum,Matt Bomer,Joe Manganiello,Jada Pinkett-Smith",Reid Carolin,,,"['Amber Heard', 'Channing Tatum', 'Matt Bomer', 'Joe Manganiello', 'Jada Pinkett-Smith']",0.0,0.0
46,blumhouse2015,The Visit,65206105.0,33243957,25427560.0,,,2015-09-11,2016-11-17,,94.0,PG-13,Horror,Universal,M. Night Shyamalan,"Jason Blum,Steven Schneider, ,(executive),M. Night Shyamalan",$5 million,"3,148",,M. Night Shyamalan,,,['nan'],0.0,0.0
47,kevinhart15,The Wedding Ringer,64460211.0,15339669,20649306.0,,,2015-01-16,2016-04-17,80.0,101.0,R,Comedy,Sony / Screen Gems,Jeremy Garelick,"Jeremy Garelick, ,(executive),Will Packer",$23 million,"3,003","Kevin Hart,Josh Gad,Kaley Cuoco,Olivia Thirlby","Jeremy Garelick,Jay Lavender",,Christopher Lennertz,"['Kevin Hart', 'Josh Gad', 'Kaley Cuoco', 'Olivia Thirlby']",0.0,0.0
48,whiteybulger15,Black Mass,62575678.0,37200000,22635037.0,,,2015-09-18,2016-12-17,77.0,122.0,R,Crime Drama,Warner Bros.,Scott Cooper,,$53 million,"3,188","Jesse Plemons,Johnny Depp,Benedict Cumberbatch,Dakota Johnson,Juno Temple,Joel Edgerton,Kevin Bacon,Sienna Miller,Adam Scott","Mark Mallouk,Mark Mallouk,Jez Butterworth",,Junkie XL,"['Jesse Plemons', 'Johnny Depp', 'Benedict Cumberbatch', 'Dakota Johnson', 'Juno Temple', 'Joel Edgerton', 'Kevin Bacon', 'Sienna Miller', 'Adam Scott']",0.0,4.0
49,newline15,Vacation,58884188.0,46000000,14681108.0,,,2015-07-29,2016-10-17,93.0,99.0,R,Comedy,Warner Bros. (New Line),,"Chris Bender,David Dobkin",$31 million,"3,430","Ed Helms,Leslie Mann,Christina Applegate,Chris Hemsworth,Chevy Chase,Beverly D'Angelo,Charlie Day,Ron Livingston,Norman Reedus,Keegan-Michael Key,Regina Hall","John Francis Daley,Jonathan M. Goldstein",,Mark Mothersbaugh,"['Ed Helms', 'Leslie Mann', 'Christina Applegate', 'Chris Hemsworth', 'Chevy Chase', ""Beverly D'Angelo"", 'Charlie Day', 'Ron Livingston', 'Norman Reedus', 'Keegan-Michael Key', 'Regina Hall']",0.0,0.0
50,perfectguy,The Perfect Guy,57027435.0,3245738,25888154.0,,,2015-09-11,2016-12-17,84.0,100.0,PG-13,Thriller,Sony / Screen Gems,,,$12 million,"2,230","Sanaa Lathan,Michael Ealy,Morris Chestnut",,,,"['Sanaa Lathan', 'Michael Ealy', 'Morris Chestnut']",0.0,0.0
51,joy,Joy,56451232.0,44682827,17015168.0,,,2015-12-25,2016-03-17,84.0,124.0,PG-13,Comedy / Drama,Fox,David O. Russell,,$60 million,"2,924","Bradley Cooper,Robert DeNiro,Jennifer Lawrence,Virginia Madsen,Edgar Ramirez,Elisabeth Rohm,Isabella Rossellini",David O. Russell,,Danny Elfman,"['Bradley Cooper', 'Robert DeNiro', 'Jennifer Lawrence', 'Virginia Madsen', 'Edgar Ramirez', 'Elisabeth Rohm', 'Isabella Rossellini']",1.0,7.0
52,fantasticfour15,Fantastic Four,56117548.0,111860048,25685737.0,,,2015-08-07,2016-10-17,77.0,100.0,PG-13,Action / Adventure,Fox,Josh Trank,"Avi Arad, ,(executive),Simon Kinberg,Stan Lee, ,(executive),Matthew Vaughn",$120 million,"4,004","Miles Teller,Michael B. Jordan,Jamie Bell,Kate Mara",Simon Kinberg,,Marco Beltrami,"['Miles Teller', 'Michael B. Jordan', 'Jamie Bell', 'Kate Mara']",0.0,0.0
53,thehatefuleight,The Hateful Eight,54117416.0,101642701,,4610676.0,15706645.0,2015-12-25,2016-04-17,126.0,167.0,R,Western,Weinstein Company,Quentin Tarantino,"Stacey Sher,Bob Weinstein,Harvey Weinstein",$44 million,"2,938","Zoe Bell,Demian Bichir,Bruce Dern,Walton Goggins,Samuel L. Jackson,Jennifer Jason Leigh,Michael Madsen,Tim Roth,Kurt Russell,Channing Tatum",Quentin Tarantino,Robert Richardson,Ennio Morricone,"['Zoe Bell', 'Demian Bichir', 'Bruce Dern', 'Walton Goggins', 'Samuel L. Jackson', 'Jennifer Jason Leigh', 'Michael Madsen', 'Tim Roth', 'Kurt Russell', 'Channing Tatum']",0.0,5.0
54,focus2015,Focus (2015),53862963.0,105200000,18685137.0,,,2015-02-27,2016-05-17,70.0,104.0,R,Comedy,Warner Bros.,,Denise Di Novi,$50.1 million,"3,323","Will Smith,Margot Robbie,Rodrigo Santoro","Glenn Ficarra,John Requa",,Nick Urata,"['Will Smith', 'Margot Robbie', 'Rodrigo Santoro']",0.0,2.0
55,southpaw2015,Southpaw,52421953.0,39548874,16701294.0,,,2015-07-24,2016-11-17,105.0,123.0,R,Drama,Weinstein Company,Antoine Fuqua,"Todd Black,Jason Blumenthal,Antoine Fuqua,Alan Riche,Peter Riche,Kurt Sutter ,(executive),Steve Tisch",$30 million,"2,772","Jake Gyllenhaal,Forest Whitaker,Rachel McAdams,50 Cent,Naomie Harris","Kurt Sutter,Richard Wenk",,James Horner,"['Jake Gyllenhaal', 'Forest Whitaker', 'Rachel McAdams', '50 Cent', 'Naomie Harris']",1.0,2.0
56,insidiouschapter3,Insidious Chapter 3,52218558.0,60765331,22692741.0,,,2015-06-05,2016-08-17,70.0,97.0,PG-13,Horror,Focus Features,Leigh Whannell,"Jason Blum,Oren Peli,Peter Schlessel, ,(executive),Steven Schneider, ,(executive),James Wan",$10 million,"3,014",Dermot Mulroney,Leigh Whannell,,Joseph Bishara,['Dermot Mulroney'],0.0,0.0
57,selma,Selma,52076908.0,14711000,,571450.0,11307394.0,2014-12-25,2016-04-17,113.0,127.0,PG-13,Drama,Paramount,Ava DuVernay,"Ava DuVernay, ,(executive),Dede Gardner,Jeremy Kleiner,Brad Pitt, ,(executive),Oprah Winfrey",$20 million,"2,235","Keith Stanfield,Tessa Thompson,David Oyelowo,Tom Wilkinson,Carmen Ejogo,Tim Roth,Giovanni Ribisi,Oprah Winfrey,Common,Stephen Root*,Alessandro Nivola*,Dylan Baker*,Cuba Gooding, Jr.*,Martin Sheen*",Paul Webb,,,"['Keith Stanfield', 'Tessa Thompson', 'David Oyelowo', 'Tom Wilkinson', 'Carmen Ejogo', 'Tim Roth', 'Giovanni Ribisi', 'Oprah Winfrey', 'Common', 'Stephen Root*', 'Alessandro Nivola*', 'Dylan Baker*', 'Cuba Gooding', ' Jr.*', 'Martin Sheen*']",0.0,4.0
58,poltergeist2015,Poltergeist (2015),47425125.0,48012869,22620386.0,,,2015-05-22,2016-08-17,77.0,93.0,PG-13,Horror,Fox,Gil Kenan,"Roy Lee,Sam Raimi",$35 million,"3,242","Sam Rockwell,Rosemarie DeWitt,Jared Harris",David Lindsay-Abaire,,Marc Streitenfeld,"['Sam Rockwell', 'Rosemarie DeWitt', 'Jared Harris']",0.0,0.0
59,jupiterascending,Jupiter Ascending,47387723.0,136600000,18372372.0,,,2015-02-06,2016-05-17,91.0,127.0,PG-13,Sci-Fi,Warner Bros.,Lilly & Lana Wachowski,Lilly & Lana Wachowski,$176 million,"3,181","Channing Tatum,Mila Kunis,Eddie Redmayne,Sean Bean,Gugu Mbatha-Raw",Lilly & Lana Wachowski,,Michael Giacchino,"['Channing Tatum', 'Mila Kunis', 'Eddie Redmayne', 'Sean Bean', 'Gugu Mbatha-Raw']",1.0,1.0
60,sicario,Sicario,46889293.0,37983151,,401288.0,12148041.0,2015-09-18,2016-01-17,119.0,121.0,R,Action Drama,Lionsgate,Denis Villeneuve,"Basil Iwanyk,Thad Luckinbill,Trent Luckinbill,Edward McDonnell,Molly Smith",$30 million,"2,620","Daniel Kaluuya,Emily Blunt,Benicio Del Toro,Josh Brolin,Jon Bernthal",,Roger Deakins,,"['Daniel Kaluuya', 'Emily Blunt', 'Benicio Del Toro', 'Josh Brolin', 'Jon Bernthal']",1.0,2.0
61,uncle,The Man From U.N.C.L.E.,45445109.0,64400000,13421036.0,,,2015-08-14,2016-10-17,70.0,116.0,PG-13,Action,Warner Bros.,Guy Ritchie,"John Davis,David Dobkin, ,(executive)",$75 million,"3,673","Elizabeth Debicki,Henry Cavill,Armie Hammer,Alicia Vikander,Hugh Grant,Jared Harris",Guy Ritchie,,Daniel Pemberton,"['Elizabeth Debicki', 'Henry Cavill', 'Armie Hammer', 'Alicia Vikander', 'Hugh Grant', 'Jared Harris']",1.0,0.0
62,spotlight,Spotlight,45055776.0,43290697,,295009.0,4408252.0,2015-11-06,2016-05-17,182.0,128.0,R,Drama,Open Road Films,Tom McCarthy,,,"1,227","Mark Ruffalo,Michael Keaton,Rachel McAdams,Liev Schreiber,Stanley Tucci,John Slattery","Tom McCarthy,Josh Singer",,Howard Shore,"['Mark Ruffalo', 'Michael Keaton', 'Rachel McAdams', 'Liev Schreiber', 'Stanley Tucci', 'John Slattery']",0.0,6.0
63,mcfarland,"McFarland, USA",44482410.0,1227649,11020798.0,,,2015-02-20,2016-07-17,140.0,128.0,PG,Sports Drama,Buena Vista,Niki Caro,,,"2,792","Maria Bello,Kevin Costner",,,,"['Maria Bello', 'Kevin Costner']",0.0,1.0
64,blumhousejuly2015,The Gift (2015),43787265.0,15191388,11854273.0,,,2015-08-07,2016-10-17,63.0,108.0,R,Thriller,STX Entertainment,Joel Edgerton,Jason Blum,$5 million,"2,503","Jason Bateman,Rebecca Hall,Joel Edgerton",Joel Edgerton,,,"['Jason Bateman', 'Rebecca Hall', 'Joel Edgerton']",0.0,0.0
65,everest2015,Everest (2015),43482270.0,159945314,,7222035.0,13242895.0,2015-09-18,2016-11-17,,121.0,PG-13,Thriller,Universal,Baltasar Kormakur,"Tim Bevan,Eric Fellner",$55 million,"3,009","Josh Brolin,Jason Clarke,Elizabeth Debicki,Jake Gyllenhaal,John Hawkes,Martin Henderson,Keira Knightley,Robin Wright Penn,Emily Watson",Simon Beaufoy,,Dario Marianelli,"['Josh Brolin', 'Jason Clarke', 'Elizabeth Debicki', 'Jake Gyllenhaal', 'John Hawkes', 'Martin Henderson', 'Keira Knightley', 'Robin Wright Penn', 'Emily Watson']",0.0,7.0
66,xmas2015,The Night Before,43047372.0,9348624,9880536.0,,,2015-11-20,2016-01-17,56.0,101.0,R,Comedy,Sony / Columbia,Jonathan Levine,"Evan Goldberg,Seth Rogen",$25 million,"2,960","Seth Rogen,Joseph Gordon-Levitt,Anthony Mackie","Evan Goldberg,Jonathan Levine",,,"['Seth Rogen', 'Joseph Gordon-Levitt', 'Anthony Mackie']",0.0,0.0
67,krampus,Krampus,42725475.0,18823232,16293325.0,,,2015-12-04,2016-01-17,49.0,98.0,PG-13,Horror Comedy,Universal,Michael Dougherty,"Jon Jashni,Thomas Tull",$15 million,"2,919","Toni Collette,David Koechner,Adam Scott",Michael Dougherty,,,"['Toni Collette', 'David Koechner', 'Adam Scott']",0.0,1.0
68,max2015,Max (2015),42656255.0,1311000,12155254.0,,,2015-06-26,2016-10-17,112.0,111.0,PG,Family,Warner Bros.,Boaz Yakin,,$20 million,"2,870","Lauren Graham,Thomas Haden Church,Jay Hernandez",,,,"['Lauren Graham', 'Thomas Haden Church', 'Jay Hernandez']",0.0,1.0
69,ageofadaline,The Age of Adaline,42629776.0,23033500,13203458.0,,,2015-04-24,2016-07-17,77.0,112.0,PG-13,Drama,Lionsgate,Lee Toland Krieger,"Sidney Kimmel,Gary Lucchesi,Tom Rosenberg",,"3,070","Blake Lively,Harrison Ford,Michiel Huisman,Ellen Burstyn,Amanda Crew,Kathy Baker","J. Mills Goodloe,Salvador Paskowitz",,Rob Simonsen,"['Blake Lively', 'Harrison Ford', 'Michiel Huisman', 'Ellen Burstyn', 'Amanda Crew', 'Kathy Baker']",1.0,6.0
70,brooklyn,Brooklyn,38322743.0,23753398,,187281.0,3946667.0,2015-11-04,2016-05-17,205.0,111.0,PG-13,Drama,Fox Searchlight,John Crowley,,,962,"Saoirse Ronan,Domhnall Gleeson,Emory Cohen,Jim Broadbent,Julie Walters",Nick Hornby,,Michael Brook,"['Saoirse Ronan', 'Domhnall Gleeson', 'Emory Cohen', 'Jim Broadbent', 'Julie Walters']",1.0,4.0
71,thelongestride,The Longest Ride,37446117.0,25498698,13019686.0,,,2015-04-10,2016-07-17,91.0,139.0,PG-13,Romance,Fox,"George Tillman, Jr.","Marty Bowen,Wyck Godfrey",$34 million,"3,371","Britt Robertson,Scott Eastwood,Jack Huston,Melissa Benoist,Alan Alda",Craig Bolotin,,Mark Isham,"['Britt Robertson', 'Scott Eastwood', 'Jack Huston', 'Melissa Benoist', 'Alan Alda']",0.0,1.0
72,boynextdoor,The Boy Next Door,35423380.0,17002475,14910105.0,,,2015-01-23,2016-03-17,49.0,91.0,R,Thriller,Universal,Rob Cohen,"Jason Blum,Jennifer Lopez",$4 million,"2,615","Jennifer Lopez,Ryan Guzman,John Corbett,Kristin Chenoweth",Barbara Curry,,"Nathan Barr,Randy Edelman","['Jennifer Lopez', 'Ryan Guzman', 'John Corbett', 'Kristin Chenoweth']",0.0,0.0
73,pan,Pan,35088320.0,93300000,15315435.0,,,2015-10-09,2016-01-17,91.0,111.0,PG,Fantasy,Warner Bros.,Joe Wright,Greg Berlanti,$150 million,"3,515","Hugh Jackman,Garrett Hedlund,Amanda Seyfried,Rooney Mara",,,,"['Hugh Jackman', 'Garrett Hedlund', 'Amanda Seyfried', 'Rooney Mara']",0.0,3.0
74,witherspoonvergara,Hot Pursuit,34580201.0,17100000,13942258.0,,,2015-05-08,2016-07-17,84.0,87.0,PG-13,Comedy,Warner Bros. (New Line),Anne Fletcher,"Bruna Papandrea,Sofia Vergara ,(executive),Reese Witherspoon",$35 million,"3,037","Sofia Vergara,Reese Witherspoon","David Feeney,John Quaintance",,Christophe Beck,"['Sofia Vergara', 'Reese Witherspoon']",1.0,1.0
75,concussion2015,Concussion (2015),34542474.0,14081098,10513749.0,,,2015-12-25,2016-03-17,84.0,123.0,PG-13,Drama,Sony / Columbia,Peter Landesman,Ridley Scott,$35 million,"2,841","Will Smith,Alec Baldwin,Gugu Mbatha-Raw,Luke Wilson",Peter Landesman,,James Newton Howard,"['Will Smith', 'Alec Baldwin', 'Gugu Mbatha-Raw', 'Luke Wilson']",0.0,3.0
76,duff,The DUFF,34030343.0,9498291,10809149.0,,,2015-02-20,2016-05-17,84.0,101.0,PG-13,Comedy,Lionsgate,Ari Sandel,McG,$8.5 million,"2,622",Bella Thorne,Josh A. Cagan,,,['Bella Thorne'],0.0,0.0
77,womaningold,Woman in Gold,33307793.0,28311980,,2091551.0,5483125.0,2015-04-01,2016-08-17,135.0,109.0,PG-13,Drama,Weinstein Company,,,$11 million,"2,011","Helen Mirren,Ryan Reynolds,Daniel Bruhl,Katie Holmes,Max Irons",,,Hans Zimmer,"['Helen Mirren', 'Ryan Reynolds', 'Daniel Bruhl', 'Katie Holmes', 'Max Irons']",1.0,3.0
78,bestexotic2,The Second Best Exotic Marigold Hotel,33078266.0,52900000,8540370.0,,,2015-03-06,2016-06-17,112.0,122.0,PG,Comedy / Drama,Fox Searchlight,John Madden,,$10 million,"2,022","Judi Dench,Maggie Smith,Bill Nighy,Richard Gere,David Strathairn,Dev Patel",,,Thomas Newman,"['Judi Dench', 'Maggie Smith', 'Bill Nighy', 'Richard Gere', 'David Strathairn', 'Dev Patel']",3.0,11.0
79,cybernatural,Unfriended,32482090.0,31574553,15845115.0,,,2015-04-17,2016-05-17,42.0,83.0,R,Horror,Universal,Levan Gabriadze,"Timur Bekmambetov,Jason Blum, ,(executive),Nelson Greaves","$1,000,000","2,775",,Nelson Greaves,,,['nan'],0.0,0.0
80,entourage,Entourage,32363404.0,16900000,10283250.0,,,2015-06-03,2016-08-17,72.0,104.0,R,Comedy,Warner Bros.,Doug Ellin,"Doug Ellin,Stephen Levinson,Mark Wahlberg",$30 million,"3,108","Judy Greer,Terrence Jenkins,Adrien Grenier,Kevin Connolly,Jerry Ferrara,Kevin Dillon,Jeremy Piven,Billy Bob Thornton,Haley Joel Osment",Doug Ellin,,,"['Judy Greer', 'Terrence Jenkins', 'Adrien Grenier', 'Kevin Connolly', 'Jerry Ferrara', 'Kevin Dillon', 'Jeremy Piven', 'Billy Bob Thornton', 'Haley Joel Osment']",0.0,3.0
81,papertowns,Paper Towns,32000304.0,53511996,12650140.0,,,2015-07-24,2016-10-17,84.0,109.0,PG-13,Drama,Fox,Jake Schreier,"Marty Bowen,Wyck Godfrey,Scott Neustadter, ,(executive),Michael H. Weber, ,(executive)",$12 million,"3,031","Nat Wolff,Cara Delevigne","Scott Neustadter,Michael H. Weber",,,"['Nat Wolff', 'Cara Delevigne']",0.0,0.0
82,chappie,Chappie,31569268.0,70500000,13346782.0,,,2015-03-06,2016-05-17,59.0,120.0,R,Sci-Fi Action,Sony / Columbia,Neill Blomkamp,,$49 million,"3,201","Dev Patel,Sharlto Copley, ,(Voice),Sigourney Weaver,Hugh Jackman",Neill Blomkamp,,Hans Zimmer,"['Dev Patel', 'Sharlto Copley', ' ', '(Voice)', 'Sigourney Weaver', 'Hugh Jackman']",0.0,4.0
83,crimsonpeak,Crimson Peak,31090320.0,43589502,13143310.0,,,2015-10-16,2016-11-17,42.0,119.0,R,Horror,Universal,Guillermo del Toro,"Guillermo del Toro,Jon Jashni",$55 million,"2,991","Charlie Hunnam,Mia Wasikowska,Jessica Chastain,Tom Hiddleston","Guillermo del Toro,Matthew Robbins",,,"['Charlie Hunnam', 'Mia Wasikowska', 'Jessica Chastain', 'Tom Hiddleston']",0.0,2.0
84,walkinthewoods,A Walk in the Woods,29504281.0,7956993,8246267.0,,,2015-09-02,2016-12-17,110.0,104.0,R,Comedy,Broad Green Pictures,,,,"2,158","Nick Nolte,Robert Redford,Emma Thompson",Bill Holderman,,,"['Nick Nolte', 'Robert Redford', 'Emma Thompson']",1.0,7.0
85,pointbreak2015,Point Break (2015),28782481.0,104936230,9800252.0,,,2015-12-25,2016-02-17,63.0,113.0,PG-13,Action,Warner Bros.,,,$105 million,"2,910","Luke Bracey,Delroy Lindo,Teresa Palmer,Edgar Ramirez,Ray Winstone",,,Junkie XL,"['Luke Bracey', 'Delroy Lindo', 'Teresa Palmer', 'Edgar Ramirez', 'Ray Winstone']",0.0,0.0
86,sinister2,Sinister 2,27740955.0,25141063,10542116.0,,,2015-08-21,2016-10-17,70.0,97.0,R,Horror,Focus Features,,Jason Blum,$10 million,"2,799",,,,,['nan'],0.0,0.0
87,lastwitchhunter,The Last Witch Hunter,27367660.0,119569250,10812861.0,,,2015-10-23,2016-12-17,70.0,106.0,PG-13,Action Fantasy,Lionsgate/Summit,Breck Eisner,,$90 million,"3,082","Vin Diesel,Elijah Wood,Michael Caine",,,,"['Vin Diesel', 'Elijah Wood', 'Michael Caine']",2.0,4.0
88,coup,No Escape,27288872.0,27130000,8111264.0,,,2015-08-26,2016-11-17,93.0,101.0,R,Action,Weinstein Company,John Erick Dowdle,Drew Dowdle,,"3,415","Owen Wilson,Pierce Brosnan,Lake Bell","Drew Dowdle,John Erick Dowdle",,,"['Owen Wilson', 'Pierce Brosnan', 'Lake Bell']",0.0,0.0
89,rickiandtheflash,Ricki and the Flash,26822144.0,14503184,6610961.0,,,2015-08-07,2016-10-17,66.0,101.0,PG-13,Comedy / Drama,TriStar,Jonathan Demme,"Mason Novick,Marc Platt",$18 million,"2,064","Meryl Streep,Kevin Kline,Sebastian Stan",Diablo Cody,,,"['Meryl Streep', 'Kevin Kline', 'Sebastian Stan']",4.0,16.0
90,womaninblack2,The Woman in Black 2: Angel of Death,26501323.0,22352982,15027415.0,,,2015-01-02,2016-03-17,77.0,98.0,PG-13,Horror,Relativity,,"Ryan Kavanaugh, ,(executive),Tucker Tooley, ,(executive)",,"2,602",Jeremy Irvine,,,,['Jeremy Irvine'],0.0,0.0
91,runallnight,Run All Night,26461644.0,45200000,11012305.0,,,2015-03-13,2016-05-17,56.0,114.0,R,Action,Warner Bros.,Jaume Collet-Serra,"Roy Lee,Michael Tadross",$50 million,"3,171","Common,Liam Neeson,Joel Kinnaman,Ed Harris,Vincent D'Onofrio,Boyd Holbrook,Genesis Rodriguez",Brad Ingelsby,,Junkie XL,"['Common', 'Liam Neeson', 'Joel Kinnaman', 'Ed Harris', ""Vincent D'Onofrio"", 'Boyd Holbrook', 'Genesis Rodriguez']",0.0,5.0
92,lovethecoopers,Love the Coopers,26302731.0,16124181,8317545.0,,,2015-11-13,2016-01-17,63.0,107.0,PG-13,Comedy,Lionsgate,Jessie Nelson,,$17 million,"2,603","Alan Arkin,John Goodman,Ed Helms,Diane Keaton,Anthony Mackie,Amanda Seyfried,June Squibb,Marisa Tomei,Olivia Wilde",,,,"['Alan Arkin', 'John Goodman', 'Ed Helms', 'Diane Keaton', 'Anthony Mackie', 'Amanda Seyfried', 'June Squibb', 'Marisa Tomei', 'Olivia Wilde']",3.0,9.0
93,lazarus,The Lazarus Effect,25801047.0,12557740,10203437.0,,,2015-02-27,2016-06-17,,83.0,PG-13,Horror,Relativity,David Gelb,Jason Blum,$3.3 million,"2,666","Olivia Wilde,Mark Duplass,Evan Peters,Donald Glover",,,,"['Olivia Wilde', 'Mark Duplass', 'Evan Peters', 'Donald Glover']",0.0,0.0
94,exmachina,Ex Machina,25442958.0,11426456,,237264.0,5349500.0,2015-04-10,2016-09-17,147.0,110.0,R,Sci-Fi Thriller,A24,Alex Garland,"Scott Rudin, ,(executive)",$15 million,"2,004","Domhnall Gleeson,Oscar Isaac,Alicia Vikander",Alex Garland,,,"['Domhnall Gleeson', 'Oscar Isaac', 'Alicia Vikander']",1.0,0.0
95,heartofthesea,In the Heart of the Sea,25020758.0,68900000,11053366.0,,,2015-12-11,2016-02-17,63.0,121.0,PG-13,Drama,Warner Bros.,Ron Howard,,$100 million,"3,103","Tom Holland,Chris Hemsworth,Benjamin Walker,Cillian Murphy,Ben Whishaw,Brendan Gleeson",Charles Leavitt,,,"['Tom Holland', 'Chris Hemsworth', 'Benjamin Walker', 'Cillian Murphy', 'Ben Whishaw', 'Brendan Gleeson']",0.0,0.0
96,newlinehorror2015,The Gallows,22764410.0,20200000,9808463.0,,,2015-07-10,2016-09-17,70.0,81.0,R,Horror,Warner Bros. (New Line),,Jason Blum,"$100,000","2,720",,,,,['nan'],0.0,0.0
97,hitman47,Hitman: Agent 47,22467450.0,59880206,8326530.0,,,2015-08-21,2016-10-17,56.0,96.0,R,Action / Adventure,Fox,,,$35 million,"3,273","Rupert Friend,Ciaran Hinds,Zachary Quinto",,,,"['Rupert Friend', 'Ciaran Hinds', 'Zachary Quinto']",0.0,0.0
98,almanac,Project Almanac,22348241.0,10865000,8310252.0,,,2015-01-30,2016-03-17,56.0,106.0,PG-13,Sci-Fi,Paramount,Dean Israelite,"Josh Appelbaum, ,(executive),Michael Bay,Andrew Form,Brad Fuller,Andre Nemec, ,(executive)",$12 million,"2,900",,"Jason Pagan,Andrew Stark",,,['nan'],0.0,0.0
99,blackorwhite,Black or White,21571189.0,n/a,6213362.0,,,2015-01-30,2016-05-17,105.0,121.0,PG-13,Drama,Relativity,Mike Binder,"Mike Binder,Kevin Costner",$9 million,"1,823","Kevin Costner,Octavia Spencer,Gillian Jacobs,Jennifer Ehle,Anthony Mackie",Mike Binder,,Terence Blanchard,"['Kevin Costner', 'Octavia Spencer', 'Gillian Jacobs', 'Jennifer Ehle', 'Anthony Mackie']",1.0,1.0
100,crowe2014,Aloha,21067116.0,5182904,9670235.0,,,2015-05-29,2016-07-17,63.0,105.0,PG-13,Comedy / Drama,Sony / Columbia,Cameron Crowe,"Cameron Crowe,Scott Rudin",$37 million,"2,815","Bradley Cooper,Emma Stone,Rachel McAdams,Bill Murray,Jay Baruchel,John Krasinski,Alec Baldwin,Danny McBride",Cameron Crowe,,,"['Bradley Cooper', 'Emma Stone', 'Rachel McAdams', 'Bill Murray', 'Jay Baruchel', 'John Krasinski', 'Alec Baldwin', 'Danny McBride']",0.0,7.0
101,secretintheireyes2015,The Secret in their Eyes (2015),20180155.0,14674835,6652996.0,,,2015-11-20,2016-01-17,56.0,111.0,PG-13,Thriller,STX Entertainment,Billy Ray,,$19.5 million,"2,392","Dean Norris,Chiwetel Ejiofor,Nicole Kidman,Julia Roberts",Billy Ray,,,"['Dean Norris', 'Chiwetel Ejiofor', 'Nicole Kidman', 'Julia Roberts']",2.0,6.0
102,shaunthesheep,Shaun the Sheep Movie,19375982.0,86833396,4038962.0,,,2015-08-05,2016-10-17,79.0,85.0,PG,Animation,Lionsgate,,,,"2,360",,,,,['nan'],0.0,0.0
103,stillalice,Still Alice,18754371.0,25130281,,197000.0,2166000.0,2015-01-16,2016-05-17,,101.0,PG-13,Drama,Sony Classics,,,$5 million,"1,318","Julianne Moore,Alec Baldwin,Kristen Stewart,Kate Bosworth","Richard Glatzer,Wash Westmoreland",,Ilan Eshkeri,"['Julianne Moore', 'Alec Baldwin', 'Kristen Stewart', 'Kate Bosworth']",1.0,5.0
104,paranormalactivity2014,Paranormal Activity: The Ghost Dimension,18300124.0,59799429,8070493.0,,,2015-10-23,2016-11-17,33.0,95.0,R,Horror,Paramount,,"Jason Blum,Oren Peli",$10 million,"1,656",,,,,['nan'],0.0,0.0
105,jobs2015,Steve Jobs,17766658.0,16675215,,521522.0,7105735.0,2015-10-09,2016-12-17,63.0,122.0,R,Drama,Universal,Danny Boyle,Scott Rudin,$30 million,"2,493","Michael Fassbender,Kate Winslet,Seth Rogen,Jeff Daniels",Aaron Sorkin,,Daniel Pemberton,"['Michael Fassbender', 'Kate Winslet', 'Seth Rogen', 'Jeff Daniels']",1.0,8.0
106,mr.holmes,Mr. Holmes,17737646.0,11617557,,2434908.0,2752132.0,2015-07-17,2016-11-17,112.0,103.0,PG,Crime Drama,Roadside Attractions,Bill Condon,,,898,"Laura Linney,Ian McKellen",,,Carter Burwell,"['Laura Linney', 'Ian McKellen']",0.0,5.0
107,dope,Dope,17506470.0,480311,6100010.0,,,2015-06-19,2016-09-17,91.0,115.0,R,Comedy / Drama,Open Road Films,,,$7 million,"2,002","Tony Revolori,Keith Stanfield",,,Germaine Franco,"['Tony Revolori', 'Keith Stanfield']",0.0,0.0
108,seventhson,Seventh Son,17223265.0,96955348,7217640.0,,,2015-02-06,2016-03-17,42.0,102.0,PG-13,Fantasy,Universal,Sergei Bodrov,"Basil Iwanyk,Jon Jashni, ,(executive),Thomas Tull",$95 million,"2,875","Jeff Bridges,Julianne Moore,Ben Barnes,Kit Harington,Alicia Vikander,Djimon Hounsou,Olivia Williams","Steven Knight,Charles Leavitt",,Marco Beltrami,"['Jeff Bridges', 'Julianne Moore', 'Ben Barnes', 'Kit Harington', 'Alicia Vikander', 'Djimon Hounsou', 'Olivia Williams']",3.0,11.0
109,monkeykingdom,Monkey Kingdom,16432322.0,711000,4577861.0,,,2015-04-17,2016-07-17,98.0,81.0,G,Documentary,Buena Vista,,,,"2,012",,,,,['nan'],0.0,0.0
110,transporter4,The Transporter Refueled,16029670.0,56600000,7355622.0,,,2015-09-04,2016-11-17,77.0,96.0,PG-13,Action,EuropaCorp,Camille Delamarre,,,"3,434",Ed Skrein,,,,['Ed Skrein'],0.0,0.0
111,itfollows,It Follows,14674076.0,n/a,,160089.0,3811052.0,2015-03-13,2016-06-17,105.0,97.0,R,Horror,Radius-TWC,,,,"1,655",Maika Monroe,,,,['Maika Monroe'],0.0,0.0
112,americanultra,American Ultra,14440985.0,12698539,5454284.0,,,2015-08-21,2016-10-17,49.0,96.0,R,Action Comedy,Lionsgate,Nima Nourizadeh,,$28 million,"2,778","Jesse Eisenberg,Kristen Stewart,Topher Grace,Bill Pullman,Walton Goggins,John Leguizamo,Connie Britton",Max Landis,,,"['Jesse Eisenberg', 'Kristen Stewart', 'Topher Grace', 'Bill Pullman', 'Walton Goggins', 'John Leguizamo', 'Connie Britton']",0.0,1.0
113,woodlawn,Woodlawn,14394097.0,n/a,4002226.0,,,2015-10-16,2016-02-17,119.0,123.0,PG,Drama,Pure Flix,,,,"1,553","Sean Astin,C. Thomas Howell,Jon Voight",,,,"['Sean Astin', 'C. Thomas Howell', 'Jon Voight']",1.0,3.0
114,adamjones,Burnt,13651946.0,22954797,5002521.0,,,2015-10-30,2016-02-17,105.0,100.0,R,Comedy,Weinstein Company,John Wells,"Michael Shamberg,Stacey Sher",$20 million,"3,003","Omar Sy,Bradley Cooper,Sienna Miller,Alicia Vikander,Jamie Dornan,Lily James,Emma Thompson,Daniel Bruhl",Steven Knight,,,"['Omar Sy', 'Bradley Cooper', 'Sienna Miller', 'Alicia Vikander', 'Jamie Dornan', 'Lily James', 'Emma Thompson', 'Daniel Bruhl']",2.0,6.0
115,doyoubelieve,Do You Believe?,12985600.0,n/a,3591282.0,,,2015-03-20,2016-06-17,98.0,120.0,PG-13,Drama,Pure Flix,,,,"1,356","Sean Astin,Delroy Lindo,Mira Sorvino",,,,"['Sean Astin', 'Delroy Lindo', 'Mira Sorvino']",1.0,0.0
116,loveandmercy,Love & Mercy,12551031.0,16090745,,2122177.0,1752417.0,2015-06-05,2016-10-17,119.0,121.0,PG-13,Music Drama,Roadside Attractions,,,,791,"John Cusack,Paul Dano,Elizabeth Banks,Paul Giamatti,Kenny Wormald",,,,"['John Cusack', 'Paul Dano', 'Elizabeth Banks', 'Paul Giamatti', 'Kenny Wormald']",0.0,1.0
117,strangemagic,Strange Magic,12429583.0,1173870,5504441.0,,,2015-01-23,2016-04-17,84.0,99.0,PG,Animation,Buena Vista,,"George Lucas, ,(executive)",,"3,020","Tony Cox*, ,(Voice),Alan Cumming ,(Voice),Evan Rachel Wood ,(Voice),Kristin Chenoweth ,(Voice),Maya Rudolph ,(Voice)","George Lucas, ,(story)",,,"['Tony Cox*', ' ', '(Voice)', 'Alan Cumming ', '(Voice)', 'Evan Rachel Wood ', '(Voice)', 'Kristin Chenoweth ', '(Voice)', 'Maya Rudolph ', '(Voice)']",0.0,0.0
118,hottub2,Hot Tub Time Machine 2,12314651.0,767000,5963324.0,,,2015-02-20,2016-03-17,35.0,93.0,R,Comedy,Paramount,Steve Pink,Andrew Panay,$14 million,"2,901","Adam Scott,Clark Duke,Rob Corddry,Craig Robinson,Chevy Chase,Gillian Jacobs",Josh Heald,,Christophe Beck,"['Adam Scott', 'Clark Duke', 'Rob Corddry', 'Craig Robinson', 'Chevy Chase', 'Gillian Jacobs']",0.0,0.0
119,selfless,Self/Less,12279691.0,18243535,5403460.0,,,2015-07-10,2016-08-17,49.0,117.0,PG-13,Sci-Fi Thriller,Focus Features,Tarsem,"Ram Bergman,Peter Schlessel,James D. Stern",$26 million,"2,353","Ryan Reynolds,Matthew Goode,Ben Kingsley,Michelle Dockery,Derek Luke",,,,"['Ryan Reynolds', 'Matthew Goode', 'Ben Kingsley', 'Michelle Dockery', 'Derek Luke']",1.0,3.0
120,maddingcrowd,Far from the Madding Crowd,12236500.0,17993477,,164985.0,2287234.0,2015-05-01,2016-08-17,105.0,119.0,PG-13,Drama,Fox Searchlight,Thomas Vinterberg,,,902,"Carey Mulligan,Matthias Schoenaerts,Michael Sheen,Tom Sturridge,Juno Temple",David Nicholls,,,"['Carey Mulligan', 'Matthias Schoenaerts', 'Michael Sheen', 'Tom Sturridge', 'Juno Temple']",0.0,1.0
121,33,The 33,12227722.0,12675001,5787266.0,,,2015-11-13,2016-01-17,70.0,120.0,PG-13,Drama,Warner Bros.,,,,"2,452","Antonio Banderas,Rodrigo Santoro,Juliette Binoche,Gabriel Byrne",,,James Horner,"['Antonio Banderas', 'Rodrigo Santoro', 'Juliette Binoche', 'Gabriel Byrne']",1.0,1.0
122,foxcatcher,Foxcatcher,12096300.0,n/a,,270877.0,980000.0,2014-11-14,2016-03-17,115.0,134.0,R,Drama,Sony Classics,Bennett Miller,Megan Ellison,,759,"Steve Carell,Mark Ruffalo,Channing Tatum",,,,"['Steve Carell', 'Mark Ruffalo', 'Channing Tatum']",0.0,4.0
123,gunman2015,The Gunman,10664749.0,13512388,5028702.0,,,2015-03-20,2016-04-17,42.0,115.0,R,Thriller,Open Road Films,Pierre Morel,"Sean Penn,Joel Silver",$40 million,"2,816","Mark Rylance,Sean Penn,Javier Bardem,Idris Elba,Ray Winstone","Don Macpherson,Pete Travis",,,"['Mark Rylance', 'Sean Penn', 'Javier Bardem', 'Idris Elba', 'Ray Winstone']",4.0,5.0
124,vaughn14,Unfinished Business,10219501.0,4211752,4772613.0,,,2015-03-06,2016-04-17,42.0,91.0,R,Comedy,Fox,Ken Scott,,$35 million,"2,777","Dave Franco,Sienna Miller,Vince Vaughn,Tom Wilkinson",,,,"['Dave Franco', 'Sienna Miller', 'Vince Vaughn', 'Tom Wilkinson']",0.0,2.0
125,clouds2015,The Walk,10137502.0,51044440,,1560299.0,3719177.0,2015-09-30,2016-11-17,40.0,123.0,PG,Adventure,TriStar,Robert Zemeckis,Robert Zemeckis,$35 million,"2,509","Joseph Gordon-Levitt,Ben Kingsley,Charlotte LeBon,James Badge Dale",,Dariusz Wolski,Alan Silvestri,"['Joseph Gordon-Levitt', 'Ben Kingsley', 'Charlotte LeBon', 'James Badge Dale']",1.0,3.0
126,ungalloconmuchoshuevos,Un Gallo con Muchos Huevos,9080818.0,n/a,,3424702.0,2024134.0,2015-09-04,2016-10-17,49.0,98.0,PG-13,Animation,Lionsgate,,,$5.3 million,616,,,,,['nan'],0.0,0.0
127,inherentvice,Inherent Vice,8110975.0,6600000,,328184.0,2773260.0,2014-12-12,2016-02-17,77.0,148.0,R,Crime,Warner Bros.,Paul Thomas Anderson,"Paul Thomas Anderson,Daniel Lupi,JoAnne Sellar",,653,"Michael K. Williams,Joaquin Phoenix,Josh Brolin,Owen Wilson,Reese Witherspoon,Benicio Del Toro,Jena Malone,Maya Rudolph*",Paul Thomas Anderson,,Jonny Greenwood,"['Michael K. Williams', 'Joaquin Phoenix', 'Josh Brolin', 'Owen Wilson', 'Reese Witherspoon', 'Benicio Del Toro', 'Jena Malone', 'Maya Rudolph*']",2.0,6.0
128,mann2015,Blackhat,8005980.0,11646077,3901815.0,,,2015-01-16,2016-02-17,,135.0,R,Thriller,Universal,Michael Mann,"Jon Jashni,Michael Mann,Thomas Tull",$70 million,"2,568","Chris Hemsworth,Viola Davis","Morgan Davis Foehl,Michael Mann",,"Harry Gregson-Williams,Atticus Ross","['Chris Hemsworth', 'Viola Davis']",0.0,2.0
129,trumbo2015,Trumbo (2015),7857741.0,377920,,74177.0,1613397.0,2015-11-06,2016-03-17,119.0,124.0,R,Drama,Bleecker Street,Jay Roach,,,660,"Bryan Cranston,Elle Fanning,John Goodman,Diane Lane,Helen Mirren,Michael Stuhlbarg,Alan Tudyk",,,,"['Bryan Cranston', 'Elle Fanning', 'John Goodman', 'Diane Lane', 'Helen Mirren', 'Michael Stuhlbarg', 'Alan Tudyk']",1.0,5.0
130,mortdecai,Mortdecai,7696134.0,39579561,4200586.0,,,2015-01-23,2016-02-17,28.0,106.0,R,Action Comedy,Lionsgate,David Koepp,"Johnny Depp,Andrew Lazar,Gigi Pritzker",$60 million,"2,648","Johnny Depp,Gwyneth Paltrow,Ewan McGregor,Paul Bettany,Olivia Munn,Oliver Platt,Jeff Goldblum",Eric Aronson,,"Mark Ronson,Geoff Zanelli","['Johnny Depp', 'Gwyneth Paltrow', 'Ewan McGregor', 'Paul Bettany', 'Olivia Munn', 'Oliver Platt', 'Jeff Goldblum']",1.0,3.0
131,whilewereyoung,While We're Young,7587485.0,9699824,,227688.0,1438384.0,2015-03-27,2016-06-17,94.0,94.0,R,Comedy / Drama,A24,Noah Baumbach,"Noah Baumbach,Scott Rudin",,762,"Ben Stiller,Naomi Watts,Adam Driver,Amanda Seyfried,Charles Grodin",Noah Baumbach,,James Murphy,"['Ben Stiller', 'Naomi Watts', 'Adam Driver', 'Amanda Seyfried', 'Charles Grodin']",0.0,2.0
132,greeninferno,The Green Inferno,7192291.0,n/a,3520626.0,,,2015-09-25,2016-11-17,42.0,100.0,R,Horror,High Top Releasing,Eli Roth,,$5 million,"1,543",,,,,['nan'],0.0,0.0
133,ourbrandiscrisis20115,Our Brand Is Crisis (2015),7002261.0,n/a,3238433.0,,,2015-10-30,2016-12-17,49.0,108.0,R,Comedy / Drama,Warner Bros.,David Gordon Green,"Sandra Bullock,George Clooney,Grant Heslov",$28 million,"2,202","Sandra Bullock,Ann Dowd,Zoe Kazan,Anthony Mackie,Scoot McNairy,Billy Bob Thornton",Peter Straughan,Tim Orr,,"['Sandra Bullock', 'Ann Dowd', 'Zoe Kazan', 'Anthony Mackie', 'Scoot McNairy', 'Billy Bob Thornton']",1.0,3.0
134,grandma2015,Grandma (2015),6980524.0,106928,,115540.0,1501101.0,2015-08-21,2016-03-17,196.0,78.0,R,Comedy,Sony Classics,Paul Weitz,,"$600,000","1,061","Judy Greer,Marcia Gay Harden,Lily Tomlin",Paul Weitz,,,"['Judy Greer', 'Marcia Gay Harden', 'Lily Tomlin']",1.0,2.0
135,meandearl,Me and Earl and the Dying Girl,6758416.0,2316333,,196496.0,1246803.0,2015-06-12,2016-09-17,91.0,104.0,PG-13,Drama,Fox Searchlight,,,$8 million,870,,,,,['nan'],0.0,0.0
136,littleboy,Little Boy,6485961.0,n/a,2750356.0,,,2015-04-24,2016-06-17,56.0,106.0,PG-13,Drama,Open Road Films,Alejandro Monteverde,"Mark Burnett, ,(executive)",,"1,045","Kevin James,Emily Watson,Tom Wilkinson,Michael Rapaport","Alejandro Monteverde,Pepe Portillo",,,"['Kevin James', 'Emily Watson', 'Tom Wilkinson', 'Michael Rapaport']",0.0,4.0
137,loft,The Loft,6002684.0,4074106,2747342.0,,,2015-01-30,2016-02-17,28.0,108.0,R,Thriller,Open Road Films,Erik Van Looy,"Hilde De Laere,Matt DeRoss,Steve Golin,Paul Green",,"1,841","Karl Urban,Wentworth Miller,James Marsden,Rhona Mitra,Margarita Levieva,Eric Stonestreet,Rachael Taylor,Matthias Schoenaerts,Isabel Lucas",,,,"['Karl Urban', 'Wentworth Miller', 'James Marsden', 'Rhona Mitra', 'Margarita Levieva', 'Eric Stonestreet', 'Rachael Taylor', 'Matthias Schoenaerts', 'Isabel Lucas']",0.0,0.0
138,frankenstein2014,Victor Frankenstein,5775076.0,28452222,2469341.0,,,2015-11-25,2016-12-17,39.0,109.0,PG-13,Drama,Fox,Paul McGuigan,John Davis,,"2,797","Daniel Radcliffe,James McAvoy,Jessica Brown Findlay,Andrew Scott,Freddie Fox",Max Landis,,,"['Daniel Radcliffe', 'James McAvoy', 'Jessica Brown Findlay', 'Andrew Scott', 'Freddie Fox']",0.0,0.0
139,amostviolentyear,A Most Violent Year,5749134.0,6257936,,172788.0,1512224.0,2014-12-31,2016-04-17,117.0,125.0,R,Drama / Thriller,A24,J.C. Chandor,,$20 million,818,"Oscar Isaac,Jessica Chastain,David Oyelowo,Albert Brooks",J.C. Chandor,,,"['Oscar Isaac', 'Jessica Chastain', 'David Oyelowo', 'Albert Brooks']",0.0,3.0
140,dannycollins,Danny Collins,5637066.0,5198686,,72459.0,1479158.0,2015-03-20,2016-06-17,77.0,106.0,R,Comedy / Drama,Bleecker Street,Dan Fogelman,,$10 million,739,"Al Pacino,Jennifer Garner,Christopher Plummer,Annette Bening,Bobby Cannavale,Josh Peck",Dan Fogelman,,,"['Al Pacino', 'Jennifer Garner', 'Christopher Plummer', 'Annette Bening', 'Bobby Cannavale', 'Josh Peck']",2.0,12.0
141,90minutesinheaven,90 Minutes in Heaven,4842699.0,,2035273.0,,,2015-09-11,2016-11-17,52.0,121.0,PG-13,Drama,Samuel Goldwyn,Michael Polish,,$5 million,899,"Kate Bosworth,Hayden Christensen",Michael Polish,,,"['Kate Bosworth', 'Hayden Christensen']",0.0,0.0
142,truestory,True Story,4719695.0,n/a,1950214.0,,,2015-04-17,2016-06-17,49.0,99.0,R,Drama,Fox Searchlight,,"Dede Gardner,Jeremy Kleiner,Brad Pitt",,856,"Jonah Hill,James Franco,Felicity Jones",,,,"['Jonah Hill', 'James Franco', 'Felicity Jones']",0.0,4.0
143,irrationalman,Irrational Man,4030360.0,23360724,,175312.0,836034.0,2015-07-17,2016-11-17,112.0,96.0,R,Comedy,Sony Classics,Woody Allen,,,925,"Emma Stone,Joaquin Phoenix",Woody Allen,,,"['Emma Stone', 'Joaquin Phoenix']",0.0,4.0
144,scoutsvszombies,Scouts Guide to the Zombie Apocalypse,3703046.0,11157720,1841007.0,,,2015-10-30,2016-11-17,21.0,93.0,R,Horror Comedy,Paramount,Christopher B. Landon,,$15 million,"1,509","Tye Sheridan,Patrick Schwarzenegger",,,,"['Tye Sheridan', 'Patrick Schwarzenegger']",0.0,0.0
145,weareyourfriends,We Are Your Friends,3591417.0,7530673,1767308.0,,,2015-08-28,2016-09-17,28.0,96.0,R,Drama,Warner Bros.,,"Tim Bevan,Eric Fellner",,"2,333","Zac Efron,Emily Ratajkowski,Wes Bentley,Jon Bernthal",,,,"['Zac Efron', 'Emily Ratajkowski', 'Wes Bentley', 'Jon Bernthal']",0.0,0.0
146,rockthekasbah,Rock The Kasbah,3020664.0,n/a,1470592.0,,,2015-10-23,2016-11-17,35.0,106.0,R,Comedy / Drama,Open Road Films,Barry Levinson,,,"2,012","Bill Murray,Bruce Willis,Kate Hudson,Zooey Deschanel,Danny McBride,Scott Caan",,,,"['Bill Murray', 'Bruce Willis', 'Kate Hudson', 'Zooey Deschanel', 'Danny McBride', 'Scott Caan']",0.0,2.0
147,captive2015,Captive (2015),2583301.0,218207,1393243.0,,,2015-09-18,2016-10-17,21.0,97.0,PG-13,Thriller,Paramount,,,,807,"Kate Mara,David Oyelowo",,,,"['Kate Mara', 'David Oyelowo']",0.0,0.0
148,truth,Truth,2541854.0,n/a,,66232.0,875935.0,2015-10-16,2016-02-17,119.0,121.0,R,Drama,Sony Classics,James Vanderbilt,,,"1,122","Cate Blanchett,Topher Grace,Elisabeth Moss,Dennis Quaid,Robert Redford",,,Brian Tyler,"['Cate Blanchett', 'Topher Grace', 'Elisabeth Moss', 'Dennis Quaid', 'Robert Redford']",2.0,6.0
149,pawnsacrifice,Pawn Sacrifice,2436633.0,3141886,,202053.0,1005071.0,2015-09-16,2016-12-17,93.0,114.0,PG-13,Drama,Bleecker Street,Edward Zwick,,,781,"Tobey Maguire,Liev Schreiber,Peter Sarsgaard,Michael Stuhlbarg",Steven Knight,,,"['Tobey Maguire', 'Liev Schreiber', 'Peter Sarsgaard', 'Michael Stuhlbarg']",0.0,0.0
150,myallamerican,My All American,2246000.0,,1365000.0,,,2015-11-13,2016-11-17,17.0,118.0,PG,Drama,Clarius Entertainment,Angelo Pizzo,Paul Schiff,,"1,565","Sarah Bolger,Michael Riley Burke,Aaron Eckhart,Juston Street,Rett Terrell,Robin Tunney,Finn Witrock",Angelo Pizzo,,John Paesano,"['Sarah Bolger', 'Michael Riley Burke', 'Aaron Eckhart', 'Juston Street', 'Rett Terrell', 'Robin Tunney', 'Finn Witrock']",0.0,0.0
151,jemandtheholograms,Jem and the Holograms,2184640.0,149044,1375320.0,,,2015-10-23,2016-11-17,14.0,118.0,PG,Musical,Universal,Jon Chu,"Jason Blum,Scooter Braun,Jon Chu",$5 million,"2,417",,,,,['nan'],0.0,0.0
152,backtothefutureday,Back to the Future Day,1650000.0,3200000,,,,2015-10-21,2016-10-17,1.0,,PG,Action Comedy,Universal Home Entertainment,,,,"1,815",,,,,['nan'],0.0,0.0
153,theletters,The Letters,1647416.0,,700683.0,,,2015-12-04,2016-01-17,56.0,119.0,PG,Drama,Freestyle Releasing,William Riead,,,886,"Priya Darshini,Rutger Hauer,Juliet Stevenson,Max von Sydow",William Riead,,,"['Priya Darshini', 'Rutger Hauer', 'Juliet Stevenson', 'Max von Sydow']",0.0,2.0
154,diaryofateenagegirl,The Diary of a Teenage Girl,1477002.0,n/a,,52334.0,393153.0,2015-08-07,2016-10-17,80.0,102.0,R,Drama,Sony Classics,,,,795,"Bel Powley,Alexander Skarsgrd,Kristen Wiig,Christopher Meloni",,,,"['Bel Powley', 'Alexander Skarsg\xc3\xa5rd', 'Kristen Wiig', 'Christopher Meloni']",0.0,0.0
155,99homes,99 Homes,1411927.0,n/a,,32253.0,647825.0,2015-09-25,2016-11-17,63.0,112.0,R,Thriller,Broad Green Pictures,,,$8 million,691,"Bruce Greenwood,Andrew Garfield,Michael Shannon,Laura Dern",,,,"['Bruce Greenwood', 'Andrew Garfield', 'Michael Shannon', 'Laura Dern']",0.0,3.0
156,patternsofevidence,Patterns of Evidence: The Exodus,,,,,,2015-01-19,2016-01-17,13.0,115.0,Unrated,Documentary,Thinking Man Films,,,,652,,,,,['nan'],0.0,0.0
157,dtrain,The D Train,673151.0,101629,447661.0,,,2015-05-08,2016-05-17,,101.0,R,Comedy,IFC,,,,"1,009","Jack Black,Kathryn Hahn,James Marsden,Jeffrey Tambor",,,,"['Jack Black', 'Kathryn Hahn', 'James Marsden', 'Jeffrey Tambor']",0.0,0.0
